incident_id,incident_type,severity,start_dt,outage_hours,recovery_hours,rto_target_hours,rto_met,censored
INC-0001,cyber,P1,2020-01-01 22:23:19.816211338,16.17722530816167,50.959442836286655,24.0,False,False
INC-0002,third_party,P1,2020-01-08 23:25:04.681657243,13.076510851957114,21.595708262465457,24.0,True,False
INC-0003,third_party,P1,2020-01-15 03:35:19.928856843,11.335250938149434,9.634963297427019,24.0,True,False
INC-0004,third_party,P1,2020-01-18 22:54:55.762304533,33.673949369673636,44.17643022759491,24.0,False,False
INC-0005,cyber,P1,2020-01-19 02:08:41.381799630,115.92423401257801,119.01639746324996,24.0,False,False
INC-0006,cyber,P1,2020-01-20 18:56:23.343833688,12.403348889763935,9.92267911181115,24.0,True,False
INC-0007,infrastructure,P2,2020-01-23 14:56:16.862740566,6.4436593309273995,38865.06198257207,8.0,False,True
INC-0008,infrastructure,P1,2020-01-24 04:37:38.988676844,10.283366373381913,9.255029736043722,8.0,False,False
INC-0009,infrastructure,P1,2020-01-27 15:36:35.364758813,15.112381529507577,13.60114337655682,8.0,False,False
INC-0010,cyber,P2,2020-01-30 07:51:52.845031893,4.956323365009456,8.838275062174077,24.0,True,False
INC-0011,cyber,P3,2020-01-31 06:35:48.968540296,1.517633971872012,7.117848175696138,24.0,True,False
INC-0012,cyber,P3,2020-02-04 17:42:57.953408940,0.7001564251081621,0.9755157715172175,24.0,True,False
INC-0013,cyber,P2,2020-02-05 16:04:40.592592350,3.1271131673232198,2.8863797574266337,24.0,True,False
INC-0014,infrastructure,P2,2020-02-05 20:19:53.335121318,4.92689320526047,7.225322470047517,8.0,True,False
INC-0015,infrastructure,P1,2020-02-06 13:34:10.860136597,13.327535139153262,17.306786629476782,8.0,False,False
INC-0016,third_party,P2,2020-02-09 00:11:47.063273301,7.612904837434465,11.021478972416514,24.0,True,False
INC-0017,cyber,P1,2020-02-10 03:33:31.454922391,50.19892406647183,47.45778145382147,24.0,False,False
INC-0018,infrastructure,P1,2020-02-11 09:16:35.602852076,9.842504137975968,16.56102768854391,8.0,False,False
INC-0019,cyber,P1,2020-02-14 15:11:36.660742191,116.63506844417488,318.19721860971856,24.0,False,False
INC-0020,cyber,P2,2020-02-20 17:25:29.718897441,2.0108304879501193,2.5830545946040537,24.0,True,False
INC-0021,infrastructure,P2,2020-02-21 00:23:26.878388107,5.029051356431462,38183.60920044775,8.0,False,True
INC-0022,infrastructure,P3,2020-02-22 14:46:25.572774745,0.34269137698423596,2.5686624961714632,8.0,True,False
INC-0023,cyber,P1,2020-02-22 18:55:52.507684995,13.423238015948431,29.02583434759833,24.0,False,False
INC-0024,third_party,P1,2020-02-23 12:24:10.812522049,12.589004743480519,26.17868142111351,24.0,False,False
INC-0025,infrastructure,P1,2020-02-23 20:58:35.256743371,9.040257117843568,38115.02353979351,8.0,False,True
INC-0026,infrastructure,P2,2020-02-26 02:56:32.013099153,2.5812011923175415,6.580321380557149,8.0,True,False
INC-0027,cyber,P1,2020-02-27 15:52:59.851955067,21.58614592596801,92.90264477141002,24.0,False,False
INC-0028,third_party,P2,2020-02-29 19:38:28.145295834,3.9865594456697133,11.55830956401837,24.0,True,False
INC-0029,infrastructure,P2,2020-03-04 15:06:44.902340452,7.357139177493043,11.548036277897358,8.0,False,False
INC-0030,infrastructure,P2,2020-03-05 00:05:57.515966599,3.743541296055005,3.795754095698145,8.0,True,False
INC-0031,third_party,P1,2020-03-05 21:32:48.355240567,19.15508535197091,37850.453234655404,24.0,False,True
INC-0032,infrastructure,P2,2020-03-05 22:59:19.292066444,4.9017404836987115,14.71662043514191,8.0,False,False
INC-0033,infrastructure,P2,2020-03-10 12:46:32.377659452,6.3922423678814955,6.860969661817904,8.0,True,False
INC-0034,infrastructure,P3,2020-03-10 17:10:58.818178909,1.6811217569615908,5.043519680125579,8.0,True,False
INC-0035,cyber,P1,2020-03-10 20:52:55.307367008,22.819738229930717,18.255790583944574,24.0,True,False
INC-0036,third_party,P2,2020-03-11 21:26:57.368550141,6.025041331647412,20.64511053395166,24.0,True,False
INC-0037,third_party,P1,2020-03-14 16:38:37.493322388,19.629775003507035,16.717998389239494,24.0,True,False
INC-0038,cyber,P1,2020-03-16 11:19:11.027986464,61.10038095947405,138.42561178378693,24.0,False,False
INC-0039,third_party,P1,2020-03-18 14:02:28.873162914,10.387437885718507,37545.958646343635,24.0,False,True
INC-0040,infrastructure,P3,2020-03-18 18:51:20.682704638,1.0150394016911284,37541.14425480427,8.0,False,True
INC-0041,cyber,P2,2020-03-23 23:31:20.066597306,7.763535608567454,74.65920075523285,24.0,False,False
INC-0042,cyber,P1,2020-03-24 13:06:28.753019773,10.941241863726276,70.39029829153827,24.0,False,False
INC-0043,infrastructure,P3,2020-03-25 22:14:25.956920900,0.8543837914060324,1.1236290679847587,8.0,True,False
INC-0044,third_party,P1,2020-03-25 23:21:14.309128411,18.437621579798996,43.61828113393598,24.0,False,False
INC-0045,cyber,P2,2020-03-31 04:52:40.995486300,2.0212225113691353,16.42702442979646,24.0,True,False
INC-0046,cyber,P1,2020-03-31 15:42:50.306213138,19.880951918299107,64.84622994135914,24.0,False,False
INC-0047,third_party,P1,2020-04-02 10:13:46.351179508,15.087959782746292,37189.77045800569,24.0,False,True
INC-0048,third_party,P1,2020-04-06 09:59:08.903288760,11.077658482688284,20.21883269172261,24.0,True,False
INC-0049,infrastructure,P1,2020-04-06 15:06:11.373107299,12.618970739549173,12.498478602517219,8.0,False,False
INC-0050,third_party,P1,2020-04-09 13:20:10.637520277,10.597448993465878,14.271986881427997,24.0,True,False
INC-0051,cyber,P1,2020-04-16 15:25:21.630379648,8.307140458910418,6.6457123671283345,24.0,True,False
INC-0052,third_party,P1,2020-04-19 00:37:24.169934510,9.343486195342846,34.418279050807655,24.0,False,False
INC-0053,third_party,P1,2020-04-19 23:28:10.349419652,24.291465573175515,44.886662735962474,24.0,False,False
INC-0054,infrastructure,P2,2020-04-20 06:28:15.413447319,7.938175643529007,7.144358079176107,8.0,True,False
INC-0055,third_party,P1,2020-04-20 15:05:11.820053436,15.538973207931695,29.612184406832533,24.0,False,False
INC-0056,infrastructure,P1,2020-04-20 21:06:59.063711929,10.103530008804205,12.813315541847272,8.0,False,False
INC-0057,third_party,P1,2020-04-22 16:12:38.653005283,10.810445175175527,15.174620320992435,24.0,True,False
INC-0058,third_party,P1,2020-04-23 12:35:48.143272704,15.981758402456625,17.847944976952075,24.0,True,False
INC-0059,third_party,P1,2020-04-23 12:40:01.030246183,13.373723098482065,11.367664633709754,24.0,True,False
INC-0060,infrastructure,P2,2020-04-26 23:36:08.510625442,7.179796414959474,13.596753607221714,8.0,False,False
INC-0061,cyber,P1,2020-04-27 01:58:08.699362993,15.33158293055785,41.10141278414286,24.0,False,False
INC-0062,cyber,P1,2020-04-27 21:22:54.430048876,48.74476026670442,252.9689543043473,24.0,False,False
INC-0063,cyber,P2,2020-04-27 23:28:40.875029479,6.174409200264383,45.52896908829959,24.0,False,False
INC-0064,third_party,P1,2020-04-27 23:56:39.233257994,11.807081599086287,10.036019359223344,24.0,True,False
INC-0065,cyber,P1,2020-05-01 14:27:54.670350427,10.773842809523265,45.69333562373552,24.0,False,False
INC-0066,cyber,P1,2020-05-01 14:58:20.432376980,43.409754966794786,34.72780397343583,24.0,False,False
INC-0067,infrastructure,P3,2020-05-03 04:16:55.373194488,0.7628070560902451,1.2182192620867471,8.0,True,False
INC-0068,cyber,P1,2020-05-07 15:45:42.603055416,70.11198374527102,270.2231852629891,24.0,False,False
INC-0069,cyber,P1,2020-05-08 07:58:37.778172171,19.729127002725736,25.621020775890027,24.0,False,False
INC-0070,third_party,P1,2020-05-09 07:06:56.043741592,11.632090893020225,12.767609013057807,24.0,True,False
INC-0071,third_party,P1,2020-05-11 19:34:07.112936262,16.653182397147205,38.67737123333204,24.0,False,False
INC-0072,cyber,P2,2020-05-22 09:07:34.130680291,2.5476389900584606,6.097924023765048,24.0,True,False
INC-0073,infrastructure,P2,2020-05-24 02:25:18.322540557,2.7449132907952123,8.421702727418904,8.0,False,False
INC-0074,infrastructure,P3,2020-05-25 03:45:26.898955837,1.9052928402107567,2.6623892627191816,8.0,True,False
INC-0075,third_party,P2,2020-05-26 00:30:14.062051936,3.211069971211768,7.0607975836562105,24.0,True,False
INC-0076,infrastructure,P2,2020-05-27 08:07:48.695618020,2.0800246935605333,2.485821498137669,8.0,True,False
INC-0077,cyber,P1,2020-05-27 18:46:29.345897643,16.01174788109677,283.4289717603247,24.0,False,False
INC-0078,infrastructure,P3,2020-05-28 22:22:30.713064538,0.25,0.3561583424143898,8.0,True,False
INC-0079,third_party,P1,2020-06-01 08:29:21.034415572,23.337131644327727,19.836561897678568,24.0,True,False
INC-0080,infrastructure,P2,2020-06-02 03:37:11.413275916,4.797284629648739,10.356501887951023,8.0,False,False
INC-0081,third_party,P1,2020-06-02 15:55:00.155620534,13.094978064403556,14.986987236293942,24.0,True,False
INC-0082,cyber,P2,2020-06-03 00:46:43.422587122,6.815977664097225,7.35367081526491,24.0,True,False
INC-0083,infrastructure,P2,2020-06-03 09:11:15.126249361,7.141400763249856,6.42726068692487,8.0,True,False
INC-0084,infrastructure,P1,2020-06-03 21:48:35.769684751,10.10373582969821,9.093362246728388,8.0,False,False
INC-0085,cyber,P1,2020-06-05 07:09:01.838820513,147.02777173983435,483.71218643445854,24.0,False,False
INC-0086,third_party,P1,2020-06-08 03:59:47.122199790,21.77192478453359,31.59967181760703,24.0,False,False
INC-0087,cyber,P2,2020-06-09 13:37:45.851988075,3.353091919846359,13.036497874318552,24.0,True,False
INC-0088,infrastructure,P2,2020-06-09 17:23:03.504145887,5.629034474283635,10.930636300595168,8.0,False,False
INC-0089,infrastructure,P1,2020-06-13 16:07:32.879642959,9.534717899956512,12.638292127683293,8.0,False,False
INC-0090,cyber,P1,2020-06-17 19:03:05.794820226,40.744333958413065,124.17400345244229,24.0,False,False
INC-0091,infrastructure,P2,2020-06-20 00:24:07.444020826,4.923781812003053,7.587282793174734,8.0,True,False
INC-0092,third_party,P1,2020-06-25 03:58:06.106422111,30.777165479782933,31.538261170529267,24.0,False,False
INC-0093,infrastructure,P2,2020-06-26 17:53:38.362708201,2.947283777693105,35142.10601035883,8.0,False,True
INC-0094,infrastructure,P3,2020-06-27 10:20:52.747636599,1.8399558343345983,5.227619751555526,8.0,True,False
INC-0095,infrastructure,P2,2020-07-06 05:16:05.851603142,4.569718894635055,4.899123758504604,8.0,True,False
INC-0096,infrastructure,P3,2020-07-08 03:15:07.160430186,1.1995697902361975,3.778919411368109,8.0,True,False
INC-0097,infrastructure,P1,2020-07-09 07:20:32.944203531,12.241233886996145,11.017110498296532,8.0,False,False
INC-0098,cyber,P2,2020-07-12 11:59:32.808829167,5.765266174945391,13.807422815814032,24.0,True,False
INC-0099,infrastructure,P2,2020-07-13 20:50:15.654635232,3.21070833393371,5.218887404771963,8.0,True,False
INC-0100,cyber,P3,2020-07-16 05:19:10.959727274,0.9247164105637097,0.7397731284509678,24.0,True,False
INC-0101,third_party,P1,2020-07-22 08:25:54.544887685,15.192417107729025,22.41651664952288,24.0,True,False
INC-0102,third_party,P1,2020-07-22 11:40:17.693869864,13.626501225166493,32.680126742962614,24.0,False,False
INC-0103,infrastructure,P3,2020-07-22 12:09:03.057862006,0.8572349658962535,2.750939759601546,8.0,True,False
INC-0104,third_party,P2,2020-07-26 19:37:33.312075697,5.251388269872606,15.79153565028467,24.0,True,False
INC-0105,cyber,P1,2020-07-27 21:43:14.542439368,13.251477775578849,39.44308023706516,24.0,False,False
INC-0106,cyber,P1,2020-07-29 15:46:50.633062406,22.470269720831986,24.167154700086094,24.0,False,False
INC-0107,infrastructure,P2,2020-08-02 16:40:02.861522266,5.129700347908871,5.4852213598041875,8.0,True,False
INC-0108,infrastructure,P2,2020-08-02 23:20:49.448649246,3.556731997003546,12.461311824316926,8.0,False,False
INC-0109,cyber,P1,2020-08-05 15:13:05.974079908,9.160985605677277,8.77248476598558,24.0,True,False
INC-0110,third_party,P2,2020-08-07 16:15:19.655289558,5.980200255560671,34135.744540197345,24.0,False,True
INC-0111,cyber,P2,2020-08-09 17:34:52.641782943,5.676619753491807,12.232221639186948,24.0,True,False
INC-0112,cyber,P3,2020-08-09 19:13:28.026149480,1.1603633888540066,2.659216383199152,24.0,True,False
INC-0113,infrastructure,P2,2020-08-12 02:01:53.737629909,4.317471671818524,10.244467320814044,8.0,False,False
INC-0114,third_party,P1,2020-08-15 13:10:56.536480473,8.65945969781478,33946.81762875542,24.0,False,True
INC-0115,infrastructure,P2,2020-08-17 12:44:57.714851623,3.0036249807185262,8.782123772958814,8.0,False,False
INC-0116,cyber,P2,2020-08-19 13:36:13.811148633,4.714634102522719,33850.39616356982,24.0,False,True
INC-0117,infrastructure,P2,2020-08-20 13:42:30.419554464,3.4984888429415673,6.23035437451283,8.0,True,False
INC-0118,infrastructure,P1,2020-08-21 08:01:53.435861526,14.938689245540633,13.44482032098657,8.0,False,False
INC-0119,infrastructure,P2,2020-08-28 22:51:26.403289808,5.677892956433299,9.762302240729586,8.0,False,False
INC-0120,third_party,P1,2020-09-03 04:53:37.544731663,9.24528803749741,33499.10623757454,24.0,False,True
INC-0121,cyber,P2,2020-09-03 08:45:34.918579670,4.042691323557361,11.620577997217747,24.0,True,False
INC-0122,third_party,P1,2020-09-03 12:18:20.060549006,18.463977419697876,39.05039087873644,24.0,False,False
INC-0123,infrastructure,P1,2020-09-04 06:46:38.293220215,8.819519932957222,11.501821852227454,8.0,False,False
INC-0124,third_party,P1,2020-09-04 06:52:05.597914425,10.420148076734765,9.93312873049492,24.0,True,False
INC-0125,infrastructure,P1,2020-09-06 06:12:09.709814098,8.126401328590807,14.318235365907595,8.0,False,False
INC-0126,infrastructure,P3,2020-09-07 17:12:46.059921748,1.6237673682197853,5.389534473274981,8.0,True,False
INC-0127,cyber,P1,2020-09-09 02:22:16.240981317,8.90152153292992,14.492381324717705,24.0,True,False
INC-0128,infrastructure,P2,2020-09-09 04:16:18.963212163,5.269316676673905,4.742385009006515,8.0,True,False
INC-0129,cyber,P2,2020-09-10 07:59:21.862659343,7.888465371242578,8.357229562378274,24.0,True,False
INC-0130,cyber,P2,2020-09-12 03:53:22.832486584,2.335116335334843,3.004438005907765,24.0,True,False
INC-0131,infrastructure,P2,2020-09-13 15:07:42.297017178,4.35064605122195,6.950593135197196,8.0,True,False
INC-0132,cyber,P2,2020-09-22 21:47:36.241430877,4.125659020677035,10.25930818202215,24.0,True,False
INC-0133,infrastructure,P3,2020-09-24 09:51:03.496940712,1.3093653874293243,4.8602842557140145,8.0,True,False
INC-0134,cyber,P1,2020-10-01 19:31:11.661520141,205.03246268900517,164.02597015120415,24.0,False,False
INC-0135,cyber,P1,2020-10-04 17:15:37.974756884,172.82753392157338,138.2620271372587,24.0,False,False
INC-0136,cyber,P1,2020-10-05 16:05:36.433406680,17.330031659470105,32719.90654627592,24.0,False,True
INC-0137,infrastructure,P2,2020-10-06 02:30:48.827820686,6.914278781993767,10.232641722971163,8.0,False,False
INC-0138,third_party,P2,2020-10-06 15:56:04.647519438,7.409972481545583,8.995657476981869,24.0,True,False
INC-0139,third_party,P1,2020-10-13 14:09:33.419334502,22.17265413202434,34.53716760198367,24.0,False,False
INC-0140,infrastructure,P1,2020-10-14 00:48:34.116012946,12.516427664890015,11.264784898401015,8.0,False,False
INC-0141,cyber,P2,2020-10-17 02:05:32.640506829,4.235498523059684,9.409657296057066,24.0,True,False
INC-0142,cyber,P1,2020-10-17 15:16:17.794091308,77.52714578143664,139.7908420559627,24.0,False,False
INC-0143,infrastructure,P2,2020-10-19 03:10:31.219588059,4.196661690121599,5.201926398599363,8.0,True,False
INC-0144,cyber,P1,2020-10-20 06:26:00.081139254,10.175944786968271,12.80845623506205,24.0,True,False
INC-0145,third_party,P1,2020-10-23 17:16:11.146002337,12.947696792020585,12.885223064403226,24.0,True,False
INC-0146,cyber,P2,2020-10-24 00:17:37.068478569,5.798945310482631,15.332052844779168,24.0,True,False
INC-0147,infrastructure,P3,2020-10-24 17:30:57.769360955,1.814953634912526,2.1302371403285925,8.0,True,False
INC-0148,cyber,P1,2020-10-31 09:16:07.502161277,19.039906983201398,15.231925586561118,24.0,True,False
INC-0149,infrastructure,P3,2020-11-01 08:52:47.778463009,0.8066895680611159,1.3964422246791544,8.0,True,False
INC-0150,infrastructure,P1,2020-11-02 04:56:01.247060702,19.450123873723005,17.505111486350703,8.0,False,False
INC-0151,third_party,P1,2020-11-04 20:48:41.118502363,27.740483143098402,49.181045674115865,24.0,False,False
INC-0152,cyber,P1,2020-11-05 13:35:58.043446465,48.11103064910097,38.488824519280776,24.0,False,False
INC-0153,cyber,P1,2020-11-05 20:46:14.782150740,10.663199786055275,55.01470432026957,24.0,False,False
INC-0154,third_party,P1,2020-11-07 03:28:20.105017680,27.02762966849504,39.28851596431977,24.0,False,False
INC-0155,infrastructure,P3,2020-11-08 01:18:06.733928826,0.25,1.741162475877079,8.0,True,False
INC-0156,infrastructure,P2,2020-11-12 19:26:52.626246518,6.9378987379420645,6.761018176099268,8.0,True,False
INC-0157,third_party,P1,2020-11-19 09:46:53.960051978,9.077390945666583,10.142765231319231,24.0,True,False
INC-0158,third_party,P1,2020-11-21 02:01:30.917270910,24.382183816590228,20.724856244101694,24.0,True,False
INC-0159,third_party,P1,2020-11-21 07:25:26.232843615,11.957164283732773,19.799701019715837,24.0,True,False
INC-0160,third_party,P1,2020-11-24 01:31:07.058552480,30.52430552999084,32.03507145553433,24.0,False,False
INC-0161,infrastructure,P1,2020-11-24 16:49:43.076957322,12.213364439078465,10.992027995170618,8.0,False,False
INC-0162,cyber,P1,2020-11-25 07:45:57.131423283,12.421295098748116,13.837525341001932,24.0,True,False
INC-0163,cyber,P1,2020-11-26 14:44:04.406025847,45.959164979989,184.9011679848265,24.0,False,False
INC-0164,cyber,P1,2020-11-26 22:05:25.116946929,17.320688102450855,13.856550481960685,24.0,True,False
INC-0165,infrastructure,P2,2020-11-27 20:55:13.226037729,5.494009899445976,4.944608909501378,8.0,True,False
INC-0166,cyber,P2,2020-11-28 23:33:58.163118235,6.055389728233511,16.85470509603932,24.0,True,False
INC-0167,cyber,P1,2020-11-30 17:44:22.566489601,10.42245596489713,20.206230173458895,24.0,True,False
INC-0168,third_party,P2,2020-12-01 13:24:03.447720943,3.664659003392323,7.657526437938462,24.0,True,False
INC-0169,third_party,P1,2020-12-09 02:40:48.762313219,15.244263672390566,12.957624121531982,24.0,True,False
INC-0170,cyber,P2,2020-12-12 08:30:08.573627516,4.212003949765367,7.050040430789794,24.0,True,False
INC-0171,cyber,P2,2020-12-13 17:31:02.704369285,2.283020457799528,1.8264163662396227,24.0,True,False
INC-0172,infrastructure,P2,2020-12-17 02:38:42.017724013,7.90005807036056,7.110052263324504,8.0,True,False
INC-0173,infrastructure,P2,2020-12-19 10:19:32.261678169,3.617315561136582,5.1570589369773785,8.0,True,False
INC-0174,cyber,P1,2020-12-20 13:09:50.908735188,63.801608989186136,51.772002687641766,24.0,False,False
INC-0175,third_party,P1,2020-12-21 02:44:27.457806865,17.455663132807366,24.313506468364167,24.0,False,False
INC-0176,cyber,P1,2020-12-21 16:39:14.859953114,22.095889182780905,17.676711346224725,24.0,True,False
INC-0177,cyber,P1,2020-12-22 04:13:50.043109818,18.321526189593428,14.657220951674743,24.0,True,False
INC-0178,infrastructure,P2,2020-12-26 13:11:33.250200054,2.08948716564327,4.424323062713364,8.0,True,False
INC-0179,cyber,P3,2020-12-27 11:58:55.828307370,1.8083204212805666,1.4466563370244534,24.0,True,False
INC-0180,cyber,P1,2020-12-31 03:04:31.089207057,127.0536669724045,551.5536853015365,24.0,False,False
INC-0181,cyber,P1,2021-01-02 03:14:50.514299721,9.282663535301563,7.42613082824125,24.0,True,False
INC-0182,cyber,P1,2021-01-02 17:15:02.843016141,35.233095927243056,28.186476741794447,24.0,False,False
INC-0183,cyber,P2,2021-01-03 11:46:53.394686536,6.097487079074232,10.705427920212804,24.0,True,False
INC-0184,cyber,P1,2021-01-03 22:33:46.126453651,32.03508614783025,25.6280689182642,24.0,False,False
INC-0185,cyber,P1,2021-01-08 19:40:13.703028348,28.03345870330698,25.532779618910286,24.0,False,False
INC-0186,cyber,P3,2021-01-09 03:48:49.436906670,1.7578183017761404,5.493359695339978,24.0,True,False
INC-0187,cyber,P1,2021-01-13 18:36:10.695312795,16.776124929489775,13.42089994359182,24.0,True,False
INC-0188,cyber,P2,2021-01-13 21:15:01.432693746,7.988571023100724,26.5930962983622,24.0,False,False
INC-0189,third_party,P1,2021-01-20 09:11:42.347605592,14.53321181389438,13.316921131286444,24.0,True,False
INC-0190,third_party,P1,2021-01-23 15:57:07.921095782,18.62942771209059,21.97360238119233,24.0,True,False
INC-0191,cyber,P1,2021-01-24 06:08:32.387321788,17.247082491183754,65.11372114911096,24.0,False,False
INC-0192,third_party,P1,2021-01-25 00:48:20.751247504,11.211634644027612,18.37618320867334,24.0,True,False
INC-0193,cyber,P2,2021-01-26 08:26:41.154360234,6.197835232071582,7.626673635442414,24.0,True,False
INC-0194,infrastructure,P2,2021-01-26 13:29:08.210219938,3.085846493855624,2.7772618444700616,8.0,True,False
INC-0195,infrastructure,P2,2021-01-29 11:43:49.993694832,4.0019958487172325,8.073086948508722,8.0,False,False
INC-0196,infrastructure,P3,2021-01-31 20:53:51.926065465,1.104445934623229,6.694397027258558,8.0,True,False
INC-0197,cyber,P1,2021-02-07 05:15:59.246650328,14.28906958526288,67.97738816316918,24.0,False,False
INC-0198,cyber,P2,2021-02-07 10:32:07.699006356,4.159974482942393,30.669291974542315,24.0,False,False
INC-0199,cyber,P1,2021-02-08 12:14:56.919096247,17.644143021375754,29699.750855806597,24.0,False,True
INC-0200,cyber,P1,2021-02-09 02:56:27.267068410,37.364807271760256,29685.059092480995,24.0,False,True
INC-0201,third_party,P1,2021-02-10 00:18:04.355981085,8.900228427658988,14.676917435669662,24.0,True,False
INC-0202,infrastructure,P2,2021-02-11 16:46:46.994389021,5.234872271101279,5.659895970679888,8.0,True,False
INC-0203,cyber,P1,2021-02-15 05:04:01.494948907,37.29794446535779,29.838355572286233,24.0,False,False
INC-0204,third_party,P1,2021-02-15 21:36:38.715642194,30.92910181557212,26.2897365432363,24.0,False,False
INC-0205,infrastructure,P1,2021-02-19 22:20:45.342988832,14.439023296658139,12.995120966992324,8.0,False,False
INC-0206,third_party,P1,2021-02-21 23:16:45.806994965,22.053151501859837,20.909807510490072,24.0,True,False
INC-0207,cyber,P1,2021-02-22 06:20:05.357144961,23.187824087655923,28.86443019074335,24.0,False,False
INC-0208,infrastructure,P3,2021-02-25 12:53:28.242880191,0.25,7.040149079762637,8.0,True,False
INC-0209,infrastructure,P2,2021-02-26 14:31:41.206357909,4.396954945562028,12.426377951214068,8.0,False,False
INC-0210,cyber,P1,2021-02-26 23:59:52.722606094,18.448101111355047,29256.00202149831,24.0,False,True
INC-0211,third_party,P1,2021-02-27 00:11:14.637189987,13.040494531891179,11.084420352107502,24.0,True,False
INC-0212,infrastructure,P2,2021-02-27 11:05:13.604986579,4.916599121916615,4.424939209724954,8.0,True,False
INC-0213,infrastructure,P3,2021-02-28 13:13:16.595347969,1.971265706605344,2.4720862167922455,8.0,True,False
INC-0214,infrastructure,P2,2021-03-01 00:11:41.252105205,2.9914690339455707,6.514208560466438,8.0,True,False
INC-0215,cyber,P1,2021-03-04 01:48:52.613592858,51.780937649878744,67.83095581949783,24.0,False,False
INC-0216,third_party,P1,2021-03-06 00:48:44.383849545,16.64939397225868,16.819390334135484,24.0,True,False
INC-0217,third_party,P2,2021-03-07 09:38:52.567856732,5.19100440859187,11.970185527223236,24.0,True,False
INC-0218,cyber,P1,2021-03-07 15:14:00.447909770,20.052211792006453,64.06656160930052,24.0,False,False
INC-0219,third_party,P1,2021-03-08 08:48:26.852988891,14.891308458199449,17.376733222768554,24.0,True,False
INC-0220,infrastructure,P3,2021-03-08 14:00:38.088636991,0.7229821717960878,2.345887491437117,8.0,True,False
INC-0221,infrastructure,P1,2021-03-08 15:02:22.826704675,9.223472178106332,10.100613742063135,8.0,False,False
INC-0222,infrastructure,P2,2021-03-10 10:20:35.305369004,4.8199681923432305,4.337971373108908,8.0,True,False
INC-0223,infrastructure,P2,2021-03-11 11:31:54.762542400,2.4572398185236963,4.452341438729577,8.0,True,False
INC-0224,infrastructure,P3,2021-03-12 11:01:02.490037636,0.8232719410925069,1.4303935248059048,8.0,True,False
INC-0225,cyber,P1,2021-03-12 19:44:40.661788502,20.97466780521591,16.853940249885035,24.0,True,False
INC-0226,cyber,P1,2021-03-17 21:53:41.180943584,15.133499573048619,33.238882350425975,24.0,False,False
INC-0227,infrastructure,P1,2021-03-19 21:35:49.079591516,10.484952850594574,13.471082356696506,8.0,False,False
INC-0228,infrastructure,P3,2021-03-25 18:05:39.452737304,0.8605202590358008,1.8850357235602244,8.0,True,False
INC-0229,cyber,P2,2021-03-26 03:05:17.471330440,3.4731404248493947,3.446609681815652,24.0,True,False
INC-0230,cyber,P2,2021-03-27 14:25:23.696965214,4.327746956208469,28569.576750842996,24.0,False,True
INC-0231,infrastructure,P2,2021-03-29 01:36:24.361719721,6.643625606103335,28534.393232855633,8.0,False,True
INC-0232,infrastructure,P2,2021-04-03 16:48:51.980149720,7.227395673037343,6.504656105733608,8.0,True,False
INC-0233,infrastructure,P2,2021-04-03 22:02:18.303554515,5.76024328057713,28393.96158234597,8.0,False,True
INC-0234,infrastructure,P2,2021-04-04 03:54:30.446181039,4.8682830642151345,18.909880720997222,8.0,False,False
INC-0235,cyber,P3,2021-04-11 09:53:38.562824115,0.5,8.23178466598176,24.0,True,False
INC-0236,infrastructure,P1,2021-04-12 15:41:50.832653431,10.529515598704663,9.476564038834196,8.0,False,False
INC-0237,infrastructure,P1,2021-04-13 04:06:12.800022328,8.980103504735224,12.739898617489121,8.0,False,False
INC-0238,infrastructure,P1,2021-04-15 14:05:13.515804794,13.528971442975898,12.176074298678309,8.0,False,False
INC-0239,cyber,P2,2021-04-16 01:51:22.441351068,6.000884109620123,4.800707287696099,24.0,True,False
INC-0240,third_party,P1,2021-04-17 00:44:12.173842514,12.83849196456082,22.995070895622295,24.0,True,False
INC-0241,cyber,P1,2021-04-17 15:47:05.839100343,20.193383885300666,38.37375529100249,24.0,False,False
INC-0242,third_party,P1,2021-04-17 23:52:02.090647632,9.609220271391665,18.43785057914436,24.0,True,False
INC-0243,cyber,P2,2021-04-20 05:50:45.288520166,6.437620432485569,28002.15408652218,24.0,False,True
INC-0244,cyber,P2,2021-04-20 21:46:57.930890746,5.733970979441851,5.396857232201186,24.0,True,False
INC-0245,third_party,P1,2021-04-24 23:24:47.892560799,27.21696681682291,25.18615694997288,24.0,False,False
INC-0246,cyber,P2,2021-04-29 10:07:01.116977080,2.7081216822566683,5.319442577354524,24.0,True,False
INC-0247,third_party,P1,2021-05-02 10:59:35.796754258,26.586221023138314,29.797431828443145,24.0,False,False
INC-0248,third_party,P2,2021-05-03 08:24:37.742255280,5.537650851368036,4.887870686953856,24.0,True,False
INC-0249,third_party,P1,2021-05-06 03:55:25.252731512,45.48797495017402,53.485316886479694,24.0,False,False
INC-0250,cyber,P1,2021-05-08 01:06:55.849365691,16.92096120735374,13.536768965882993,24.0,True,False
INC-0251,cyber,P2,2021-05-09 18:25:57.557166042,3.5229288118932485,5.1872840382638365,24.0,True,False
INC-0252,infrastructure,P2,2021-05-09 21:35:46.650728680,5.021025901261497,6.745337401743305,8.0,True,False
INC-0253,cyber,P1,2021-05-12 20:35:14.769657553,13.147114036757818,10.517691229406255,24.0,True,False
INC-0254,third_party,P2,2021-05-16 14:22:47.900363055,7.517304071565478,10.951895465660396,24.0,True,False
INC-0255,cyber,P1,2021-05-17 02:58:31.490866066,90.22998542005746,161.20468266070966,24.0,False,False
INC-0256,third_party,P1,2021-05-20 03:01:24.072938860,15.966723710828212,36.09965657797448,24.0,False,False
INC-0257,cyber,P2,2021-05-20 04:28:50.516633337,5.603466612587043,5.037630952054415,24.0,True,False
INC-0258,infrastructure,P2,2021-05-21 11:46:36.492208816,2.0465649219271556,4.708625847517574,8.0,True,False
INC-0259,infrastructure,P1,2021-05-27 15:44:24.242327736,12.49403443847893,16.988163722267128,8.0,False,False
INC-0260,infrastructure,P3,2021-05-31 13:01:49.701232142,0.2951163664234121,2.7607637166759202,8.0,True,False
INC-0261,infrastructure,P1,2021-05-31 18:23:06.610974140,21.65114156718589,19.4860274104673,8.0,False,False
INC-0262,cyber,P1,2021-06-03 11:10:20.318610975,17.75096198068354,57.64022466299112,24.0,False,False
INC-0263,infrastructure,P3,2021-06-09 16:54:12.463668705,0.25,26791.096537869806,8.0,False,True
INC-0264,cyber,P2,2021-06-10 20:03:34.987823006,7.355426151210748,6.983371671958545,24.0,True,False
INC-0265,third_party,P1,2021-06-13 11:38:04.051214502,30.8949177441877,56.52986137999146,24.0,False,False
INC-0266,infrastructure,P1,2021-06-14 19:15:43.095816154,9.82954707270349,8.84659236543314,8.0,False,False
INC-0267,infrastructure,P2,2021-06-15 20:18:03.460470188,4.6762551361875,4.20862962256875,8.0,True,False
INC-0268,third_party,P1,2021-06-17 01:33:27.480542500,37.01700958050271,33.54870588321874,24.0,False,False
INC-0269,cyber,P1,2021-06-19 16:24:04.954180140,17.515116257218097,80.99297701599289,24.0,False,False
INC-0270,third_party,P1,2021-06-20 18:24:36.902766229,17.700695570147367,29.380008448818053,24.0,False,False
INC-0271,infrastructure,P2,2021-06-22 06:14:47.965590963,3.533030890757529,7.343548805348621,8.0,True,False
INC-0272,infrastructure,P1,2021-06-22 10:49:27.847840738,11.25782446556056,10.132042019004505,8.0,False,False
INC-0273,third_party,P1,2021-06-25 12:10:56.054516192,13.064227988590407,11.104593790301845,24.0,True,False
INC-0274,cyber,P1,2021-06-26 04:34:21.564895432,8.887035790770614,7.1096286326164915,24.0,True,False
INC-0275,cyber,P2,2021-06-26 23:19:08.744382703,3.105235766883639,5.7624072928799555,24.0,True,False
INC-0276,cyber,P1,2021-06-29 09:52:52.982031439,33.21685577232445,62.52229712522642,24.0,False,False
INC-0277,cyber,P1,2021-07-01 16:32:07.809572500,22.065500758616643,97.30224030755045,24.0,False,False
INC-0278,infrastructure,P2,2021-07-04 03:31:38.455400456,7.703827467224862,6.933444720502376,8.0,True,False
INC-0279,infrastructure,P2,2021-07-06 04:21:07.219733295,5.531911805983004,4.978720625384704,8.0,True,False
INC-0280,cyber,P1,2021-07-07 02:50:33.645773227,96.49123938590168,144.9666467661628,24.0,False,False
INC-0281,infrastructure,P2,2021-07-10 15:37:01.350041732,3.0587570689040264,7.4454576768167495,8.0,True,False
INC-0282,infrastructure,P1,2021-07-10 15:56:12.894889358,8.43020674133367,17.19598226124043,8.0,False,False
INC-0283,third_party,P1,2021-07-10 16:14:34.980894679,11.757950033861647,18.53314050290897,24.0,True,False
INC-0284,infrastructure,P2,2021-07-11 20:18:51.224017640,2.8154602282290595,2.5339142054061536,8.0,True,False
INC-0285,infrastructure,P1,2021-07-14 19:20:23.412629598,9.73452178864797,13.238151059165919,8.0,False,False
INC-0286,infrastructure,P2,2021-07-16 15:09:46.317937352,6.8145899843504205,12.165557038309778,8.0,False,False
INC-0287,infrastructure,P2,2021-07-20 05:06:36.973401843,4.195056318604278,7.648060131237738,8.0,True,False
INC-0288,third_party,P1,2021-07-21 02:52:07.528884038,17.22534756167287,39.69276005036463,24.0,False,False
INC-0289,cyber,P1,2021-07-22 05:40:59.278907226,48.916926520821136,39.13354121665691,24.0,False,False
INC-0290,cyber,P1,2021-07-25 20:51:21.655616637,37.00897063418746,29.607176507349973,24.0,False,False
INC-0291,infrastructure,P2,2021-07-26 19:54:02.073039958,4.048064944786859,11.341450849545083,8.0,False,False
INC-0292,cyber,P1,2021-07-27 23:36:10.080366296,35.66826700983351,53.63294428381209,24.0,False,False
INC-0293,infrastructure,P3,2021-07-31 20:51:18.700736572,1.2045271862837805,2.047297987210001,8.0,True,False
INC-0294,cyber,P2,2021-08-01 01:36:46.693511636,4.098492407999826,8.053796745392535,24.0,True,False
INC-0295,third_party,P1,2021-08-01 04:21:49.091246755,8.122637321069565,10.974381204899718,24.0,True,False
INC-0296,cyber,P1,2021-08-01 07:59:23.807091894,14.382845093374593,11.506276074699676,24.0,True,False
INC-0297,infrastructure,P1,2021-08-06 04:20:16.319956203,10.583716316385086,12.680389401387298,8.0,False,False
INC-0298,infrastructure,P2,2021-08-06 06:25:27.865373671,6.076312257592702,25409.575592951758,8.0,False,True
INC-0299,third_party,P1,2021-08-12 19:31:36.795097225,12.760364036624097,22.26100258743255,24.0,True,False
INC-0300,cyber,P1,2021-08-13 13:43:45.482929694,20.121132581431265,16.573582885852264,24.0,True,False
INC-0301,infrastructure,P2,2021-08-16 06:04:01.221551526,3.2520976922824025,5.648848003052176,8.0,True,False
INC-0302,third_party,P1,2021-08-22 09:46:54.858844416,35.20052594236965,29.920447051014204,24.0,False,False
INC-0303,third_party,P2,2021-08-24 22:13:35.581334095,3.7359324246293877,5.4128332847298255,24.0,True,False
INC-0304,infrastructure,P1,2021-08-27 19:42:24.562956985,12.235257593358838,11.377719223382625,8.0,False,False
INC-0305,third_party,P1,2021-08-28 16:45:33.221168085,20.54562113149896,21.234245090290514,24.0,True,False
INC-0306,infrastructure,P1,2021-08-28 21:06:03.270455978,10.793231839254954,24866.899091540003,8.0,False,True
INC-0307,third_party,P1,2021-08-29 20:04:40.307905581,21.04264701934547,24843.922136692894,24.0,False,True
INC-0308,infrastructure,P2,2021-09-05 15:28:44.607315723,2.233973529656465,5.270718779265229,8.0,True,False
INC-0309,third_party,P1,2021-09-10 14:23:01.837112668,15.692632480776776,20.27092972471442,24.0,True,False
INC-0310,infrastructure,P2,2021-09-12 09:49:33.176462901,4.262503121495362,7.543050070897161,8.0,True,False
INC-0311,infrastructure,P3,2021-09-13 00:07:34.358755846,1.8824795141926725,2.023003858679716,8.0,True,False
INC-0312,infrastructure,P2,2021-09-13 16:41:36.630022232,2.026676393370461,24487.30649166049,8.0,False,True
INC-0313,third_party,P1,2021-09-14 02:25:42.325537076,17.849221929523463,30.352866029948856,24.0,False,False
INC-0314,cyber,P1,2021-09-20 12:43:07.963839537,108.79251718006807,433.88451922338203,24.0,False,False
INC-0315,third_party,P1,2021-09-23 15:36:22.646297307,12.672156488579418,44.32331385675067,24.0,False,False
INC-0316,infrastructure,P2,2021-09-24 10:41:24.697406526,5.842232146051323,8.29330490621292,8.0,False,False
INC-0317,third_party,P2,2021-09-25 16:23:10.514336535,3.6057578230565612,5.75311178333072,24.0,True,False
INC-0318,third_party,P1,2021-09-29 08:21:58.726988600,44.04443810719389,37.437772391114805,24.0,False,False
INC-0319,infrastructure,P2,2021-10-02 04:45:51.081594393,6.975291482365579,10.030335804239908,8.0,False,False
INC-0320,infrastructure,P2,2021-10-05 09:32:25.699687292,2.65854146970634,8.177964230554835,8.0,False,False
INC-0321,infrastructure,P1,2021-10-06 20:54:04.884861175,9.565304559810151,8.97413354563758,8.0,False,False
INC-0322,infrastructure,P3,2021-10-09 01:35:18.088911448,0.31774264678444,2.9978171122111705,8.0,True,False
INC-0323,cyber,P1,2021-10-10 18:10:23.570714218,12.413831689935725,9.93106535194858,24.0,True,False
INC-0324,cyber,P1,2021-10-12 22:45:32.987723454,12.011046282333133,28.24714514532609,24.0,False,False
INC-0325,cyber,P1,2021-10-17 11:29:18.553697545,21.0300571229531,16.82404569836248,24.0,True,False
INC-0326,cyber,P3,2021-10-22 03:53:58.667185644,1.4473308643026308,1.1578646914421047,24.0,True,False
INC-0327,third_party,P1,2021-10-24 04:12:19.282028400,14.299217450743791,23.435250160607914,24.0,True,False
INC-0328,cyber,P1,2021-11-01 11:11:37.233314966,14.11778011320342,19.500379712979072,24.0,True,False
INC-0329,cyber,P1,2021-11-02 15:15:23.341169221,21.64738374187653,60.957355765608966,24.0,False,False
INC-0330,cyber,P3,2021-11-07 22:17:12.370042586,1.9084850216691198,10.47634703918223,24.0,True,False
INC-0331,cyber,P1,2021-11-08 02:52:14.241450097,100.77880281885608,80.62304225508487,24.0,False,False
INC-0332,infrastructure,P1,2021-11-09 19:35:31.541695965,8.602456501946735,7.742210851752062,8.0,True,False
INC-0333,cyber,P1,2021-11-10 16:09:57.647893359,18.58278366590832,67.14867629920684,24.0,False,False
INC-0334,infrastructure,P2,2021-11-11 01:54:27.975326252,2.4956576229086176,2.6174853599417895,8.0,True,False
INC-0335,infrastructure,P2,2021-11-11 08:51:12.408313644,7.760179813547406,23079.14655324621,8.0,False,True
INC-0336,infrastructure,P1,2021-11-14 08:05:58.157130469,10.728973809900472,10.169839540331916,8.0,False,False
INC-0337,third_party,P2,2021-11-15 13:41:21.289244222,6.562126660563481,8.32358575174895,24.0,True,False
INC-0338,infrastructure,P3,2021-11-16 03:07:48.926319981,0.4518478113510609,1.1505408334114766,8.0,True,False
INC-0339,infrastructure,P2,2021-11-16 22:25:38.744352429,3.0350746237255284,11.506720776321782,8.0,False,False
INC-0340,third_party,P2,2021-11-18 07:11:43.360699876,6.013847233243737,8.110824069056067,24.0,True,False
INC-0341,third_party,P1,2021-11-21 00:07:38.833357166,11.647297432639819,9.900202817743846,24.0,True,False
INC-0342,infrastructure,P2,2021-11-22 17:48:26.178270112,4.7896219778757345,6.528430760938065,8.0,True,False
INC-0343,infrastructure,P2,2021-11-26 15:24:03.566369674,5.567834704113468,13.507275683171445,8.0,False,False
INC-0344,infrastructure,P2,2021-11-29 00:26:40.277590130,5.670911773891594,11.298034084171181,8.0,False,False
INC-0345,infrastructure,P2,2021-11-30 10:39:49.612841146,7.383062545329434,19.603397274518578,8.0,False,False
INC-0346,third_party,P2,2021-11-30 21:25:53.612110840,7.554837347667903,15.45548630194385,24.0,True,False
INC-0347,third_party,P1,2021-12-04 10:05:50.594353720,13.45311772286329,12.262207892970382,24.0,True,False
INC-0348,third_party,P2,2021-12-05 13:55:41.976697706,6.287702782168609,18.9109304670939,24.0,True,False
INC-0349,third_party,P2,2021-12-08 22:47:48.908461423,6.513652642042339,22.29214900248403,24.0,True,False
INC-0350,cyber,P2,2021-12-10 06:06:52.591345164,5.288349004318986,8.418016621924648,24.0,True,False
INC-0351,infrastructure,P2,2021-12-14 04:50:06.626624830,5.05154500671062,10.83141464184181,8.0,False,False
INC-0352,third_party,P1,2021-12-17 03:15:50.917521394,11.501602124885224,22.510661947256942,24.0,True,False
INC-0353,third_party,P1,2021-12-18 18:20:30.793235092,10.276975930476333,16.256331132572065,24.0,True,False
INC-0354,cyber,P1,2021-12-22 03:08:48.654310106,13.36687566380493,35.591476158296466,24.0,False,False
INC-0355,cyber,P1,2021-12-23 03:59:41.085852831,195.03617928887957,156.02894343110367,24.0,False,False
INC-0356,cyber,P1,2021-12-25 01:27:19.418029311,9.149648243847423,23.60768937125904,24.0,True,False
INC-0357,infrastructure,P3,2021-12-25 05:58:45.646888573,0.5222411345887008,22026.020653642063,8.0,False,True
INC-0358,cyber,P2,2021-12-25 11:42:21.859638598,7.37533691312306,25.51404850891391,24.0,False,False
INC-0359,infrastructure,P2,2021-12-27 20:11:17.683567641,3.2758295662979453,11.129030180390975,8.0,False,False
INC-0360,cyber,P1,2021-12-28 03:53:33.895344530,15.82901374252359,49.15508567794036,24.0,False,False
INC-0361,cyber,P1,2021-12-31 04:15:56.908250881,28.984255470309265,23.187404376247414,24.0,True,False
INC-0362,infrastructure,P2,2021-12-31 14:06:26.231588143,4.546667825831379,5.077307736599642,8.0,True,False
INC-0363,cyber,P1,2022-01-02 19:05:39.835600947,225.97137488403598,180.7770999072288,24.0,False,False
INC-0364,infrastructure,P1,2022-01-02 23:19:01.583037490,20.688976870069524,18.620079183062572,8.0,False,False
INC-0365,cyber,P1,2022-01-03 17:01:30.366684930,21.649391994931296,17.319513595945036,24.0,True,False
INC-0366,cyber,P3,2022-01-04 14:51:12.825444427,1.8065553272913677,2.999696007663349,24.0,True,False
INC-0367,infrastructure,P2,2022-01-05 23:17:58.484416261,6.550047537210897,15.1076321213374,8.0,False,False
INC-0368,infrastructure,P2,2022-01-06 00:43:43.637714166,4.686352243000752,7.618842183173437,8.0,True,False
INC-0369,cyber,P1,2022-01-08 03:09:59.609504556,20.445534998841126,16.356427999072903,24.0,True,False
INC-0370,cyber,P1,2022-01-09 20:19:02.199300747,103.95652163090494,108.12984828573386,24.0,False,False
INC-0371,infrastructure,P1,2022-01-12 22:09:31.875725314,8.53508902268314,7.681580120414826,8.0,True,False
INC-0372,infrastructure,P1,2022-01-13 00:25:57.235846544,13.358420758207767,18.318562172959894,8.0,False,False
INC-0373,cyber,P2,2022-01-16 22:28:42.900527391,4.1618406425970536,3.329472514077643,24.0,True,False
INC-0374,infrastructure,P1,2022-01-17 16:30:59.046641809,15.836377165163606,17.453164698959025,8.0,False,False
INC-0375,infrastructure,P2,2022-01-19 15:37:00.856378596,6.545886100161171,19.597278924162193,8.0,False,False
INC-0376,third_party,P2,2022-01-22 15:41:34.375534396,7.237718957308592,10.697949543387432,24.0,True,False
INC-0377,third_party,P1,2022-01-28 23:28:41.775966026,9.237359693721045,9.170332076849219,24.0,True,False
INC-0378,cyber,P2,2022-01-31 14:32:17.437635697,3.1615047305183777,9.874258807548133,24.0,True,False
INC-0379,infrastructure,P1,2022-01-31 18:14:58.023689463,10.403762217915071,9.363385996123565,8.0,False,False
INC-0380,infrastructure,P2,2022-02-05 00:11:49.350320959,5.443823279432904,4.899440951489614,8.0,True,False
INC-0381,cyber,P2,2022-02-06 21:14:52.246168706,2.9148249241062962,4.6739748608688085,24.0,True,False
INC-0382,cyber,P1,2022-02-07 20:03:47.648061928,196.41460980846844,157.13168784677475,24.0,False,False
INC-0383,cyber,P2,2022-02-07 23:34:32.272443101,5.612667170242022,39.43901731893096,24.0,False,False
INC-0384,third_party,P1,2022-02-13 10:23:47.875651850,9.01442136371749,20.033472749687263,24.0,True,False
INC-0385,infrastructure,P2,2022-02-14 19:02:44.323660856,7.779729363443554,12.262412241731525,8.0,False,False
INC-0386,cyber,P2,2022-02-14 22:29:10.288819921,3.3821485700566822,5.421641176479805,24.0,True,False
INC-0387,cyber,P1,2022-02-17 04:44:28.769428953,38.956173378483896,31.16493870278712,24.0,False,False
INC-0388,infrastructure,P1,2022-02-18 17:56:46.938604344,9.599510835492689,8.840719533282137,8.0,False,False
INC-0389,cyber,P2,2022-02-18 23:41:04.103965849,3.8345201833808686,3.067616146704695,24.0,True,False
INC-0390,infrastructure,P2,2022-02-19 10:50:37.642405455,4.357905176741114,9.79127993562263,8.0,False,False
INC-0391,cyber,P2,2022-02-20 19:28:53.837511214,3.4629136730690147,22.33286197759101,24.0,True,False
INC-0392,cyber,P2,2022-02-22 14:47:40.258774273,3.1508047718709085,9.370138882852677,24.0,True,False
INC-0393,third_party,P1,2022-02-23 07:10:57.760793875,12.947845807894467,20.619454216167323,24.0,True,False
INC-0394,infrastructure,P3,2022-02-26 19:53:57.827670291,1.6858511750967913,8.748703307362716,8.0,False,False
INC-0395,cyber,P2,2022-03-01 18:33:40.850754343,2.0700356916282896,40.67602159668586,24.0,False,False
INC-0396,infrastructure,P2,2022-03-03 01:28:24.925526911,3.6614383758984443,4.457991622102597,8.0,True,False
INC-0397,third_party,P1,2022-03-09 02:04:16.300901578,16.047132825772774,13.640062901906857,24.0,True,False
INC-0398,third_party,P1,2022-03-10 20:14:40.085038849,8.730260560624153,15.009039380757528,24.0,True,False
INC-0399,third_party,P1,2022-03-13 18:30:15.351682269,27.43892397422851,23.32308537809423,24.0,True,False
INC-0400,infrastructure,P2,2022-03-14 08:57:45.504936291,3.1814378814510387,4.511941793550459,8.0,True,False
INC-0401,cyber,P2,2022-03-18 13:21:00.749951841,6.9700216517755305,5.576017321420425,24.0,True,False
INC-0402,cyber,P2,2022-03-21 08:06:26.358607188,2.6676545161583904,2.1341236129267123,24.0,True,False
INC-0403,cyber,P1,2022-03-22 06:03:30.575171908,11.12531954811347,27.277617536374006,24.0,False,False
INC-0404,infrastructure,P3,2022-03-23 03:12:20.254986860,1.051596642041872,5.197531726303997,8.0,True,False
INC-0405,cyber,P1,2022-03-24 18:48:17.718302322,14.749228093764572,24.23582406201478,24.0,False,False
INC-0406,third_party,P1,2022-03-25 21:44:48.398692293,17.42998595104565,19.335576498038638,24.0,True,False
INC-0407,third_party,P2,2022-03-28 17:06:59.916876188,7.672043994158464,21.710091836532847,24.0,True,False
INC-0408,cyber,P1,2022-03-30 16:14:45.727580317,8.23837034312341,17.292644898259855,24.0,True,False
INC-0409,cyber,P1,2022-04-01 08:15:42.696506091,38.38812283866306,53.80561128605079,24.0,False,False
INC-0410,third_party,P1,2022-04-02 02:02:32.671605544,11.61924778992932,19677.957591220682,24.0,False,True
INC-0411,infrastructure,P2,2022-04-04 23:05:28.510828872,2.0628980280536893,3.6268665254414962,8.0,True,False
INC-0412,infrastructure,P2,2022-04-05 02:59:41.424717958,3.58050043719597,7.567707290478614,8.0,True,False
INC-0413,infrastructure,P2,2022-04-05 09:35:12.593628250,7.2624239217954205,10.325090480018766,8.0,False,False
INC-0414,cyber,P1,2022-04-05 17:17:43.859478339,20.113555015152315,34.01143860577583,24.0,False,False
INC-0415,infrastructure,P2,2022-04-07 16:09:01.547624955,3.651609671236461,7.3328339671078036,8.0,True,False
INC-0416,infrastructure,P2,2022-04-07 22:16:34.906916589,6.628551942100235,7.5378378734297975,8.0,True,False
INC-0417,infrastructure,P1,2022-04-08 11:07:07.702509914,12.094908889739798,19524.881193747246,8.0,False,True
INC-0418,cyber,P1,2022-04-09 15:57:10.633414759,158.4694493991392,126.77555951931136,24.0,False,False
INC-0419,cyber,P2,2022-04-10 00:51:18.378803858,4.652409891064402,36.43032774528106,24.0,False,False
INC-0420,third_party,P1,2022-04-13 14:32:06.417505464,21.055586527636134,22.204450186256274,24.0,True,False
INC-0421,infrastructure,P3,2022-04-17 03:23:42.236074327,1.7822477549547808,2.3212496169936316,8.0,True,False
INC-0422,infrastructure,P2,2022-04-21 02:28:15.619331856,4.154764567431974,6.853756104609789,8.0,True,False
INC-0423,infrastructure,P3,2022-04-25 20:22:34.013116610,0.4009281411310739,2.2640030230472337,8.0,True,False
INC-0424,cyber,P2,2022-04-26 18:12:38.078185953,3.137867856249785,10.600543013643046,24.0,True,False
INC-0425,infrastructure,P2,2022-05-02 11:20:32.616612898,2.7640557203115717,8.106826838482316,8.0,False,False
INC-0426,infrastructure,P2,2022-05-03 22:59:38.106242602,7.937847395267271,7.144062655740544,8.0,True,False
INC-0427,third_party,P2,2022-05-06 05:02:02.493262449,4.525902918738914,7.670915725552357,24.0,True,False
INC-0428,third_party,P2,2022-05-06 15:42:49.509488127,7.542712676110214,12.301508641731543,24.0,True,False
INC-0429,infrastructure,P2,2022-05-06 22:06:23.537586366,5.065577011049068,6.476734012443845,8.0,True,False
INC-0430,third_party,P1,2022-05-07 02:11:32.413790911,21.55545728180231,18.33212707487922,24.0,True,False
INC-0431,cyber,P1,2022-05-07 07:54:20.380058532,22.818835160403584,65.4757613951558,24.0,False,False
INC-0432,cyber,P2,2022-05-08 21:57:01.424157278,6.733909163614535,12.900945487960035,24.0,True,False
INC-0433,infrastructure,P2,2022-05-14 10:44:21.306280635,3.0088085353177116,4.000739598996856,8.0,True,False
INC-0434,cyber,P2,2022-05-14 23:04:46.205492962,4.495973704095113,3.8112738439672187,24.0,True,False
INC-0435,cyber,P2,2022-05-16 02:03:01.029237854,7.195284626342821,7.053722889556696,24.0,True,False
INC-0436,third_party,P1,2022-05-16 09:05:37.315325155,27.94661936520157,18614.90630129857,24.0,False,True
INC-0437,cyber,P2,2022-05-17 20:46:20.834991062,5.763045499231232,4.610436399384986,24.0,True,False
INC-0438,cyber,P2,2022-05-18 01:20:10.542377515,6.636397863699211,60.335678624449855,24.0,False,False
INC-0439,infrastructure,P1,2022-05-20 23:37:33.620873282,8.353234663472154,14.28479073734442,8.0,False,False
INC-0440,infrastructure,P2,2022-05-21 10:44:36.434766141,5.282345056794908,4.754110551115417,8.0,True,False
INC-0441,cyber,P2,2022-05-22 09:11:05.574809695,7.366137644776535,18470.815118108418,24.0,False,True
INC-0442,cyber,P1,2022-05-22 21:48:06.839819546,10.525156074887125,58.88941385110238,24.0,False,False
INC-0443,infrastructure,P3,2022-05-23 06:06:52.230588602,1.011101479705447,6.300483518323132,8.0,True,False
INC-0444,infrastructure,P3,2022-05-25 14:18:30.621052652,1.8201529648687331,7.450669092154262,8.0,True,False
INC-0445,third_party,P1,2022-05-26 16:09:11.427563772,9.640955157230778,24.362598148621093,24.0,False,False
INC-0446,infrastructure,P3,2022-06-01 00:53:59.010947754,1.9104442660582777,1.71939983945245,8.0,True,False
INC-0447,third_party,P1,2022-06-01 11:20:23.606640636,33.98617673174922,33.93186149030381,24.0,False,False
INC-0448,cyber,P2,2022-06-15 04:49:07.839914786,5.330933702646793,20.684041730333504,24.0,True,False
INC-0449,infrastructure,P2,2022-06-17 03:41:41.038376726,6.460000296411546,11.205023885504959,8.0,False,False
INC-0450,cyber,P2,2022-06-17 15:19:19.942326123,6.778115210992333,5.422492168793866,24.0,True,False
INC-0451,third_party,P2,2022-06-19 06:21:17.676559800,6.584361874598306,14.772457075006399,24.0,True,False
INC-0452,cyber,P1,2022-06-21 06:26:39.455608894,16.193294270495432,12.954635416396346,24.0,True,False
INC-0453,cyber,P1,2022-06-22 15:08:55.365117248,50.099442911085966,40.079554328868774,24.0,False,False
INC-0454,cyber,P1,2022-06-28 15:17:17.542286862,405.05911623922174,810.7500679222829,24.0,False,False
INC-0455,cyber,P1,2022-06-29 03:17:10.904305462,16.07993295123491,12.863946360987928,24.0,True,False
INC-0456,third_party,P1,2022-06-30 17:30:48.488477079,22.942841952393117,19.50141565953415,24.0,True,False
INC-0457,third_party,P1,2022-07-01 18:01:00.376838367,10.199042044122574,17501.98322865601,24.0,False,True
INC-0458,third_party,P1,2022-07-02 06:20:49.978346204,14.278067655778372,23.365443134409105,24.0,True,False
INC-0459,cyber,P2,2022-07-09 19:06:53.196263186,3.284021870893525,101.6352798799907,24.0,False,False
INC-0460,third_party,P1,2022-07-11 19:39:27.205504898,19.882886232652446,16.900453297754577,24.0,True,False
INC-0461,cyber,P2,2022-07-14 07:19:25.400983893,3.6378188982012154,7.187475526464014,24.0,True,False
INC-0462,infrastructure,P2,2022-07-14 20:41:22.545591147,2.2467291785877803,5.580755437451764,8.0,True,False
INC-0463,infrastructure,P2,2022-07-18 00:39:39.474338979,7.431558278092162,6.688402450282946,8.0,True,False
INC-0464,third_party,P1,2022-07-21 05:43:06.848711796,9.80482378799336,12.733256641495666,24.0,True,False
INC-0465,cyber,P3,2022-07-23 00:36:09.369306878,1.460557991192453,2.4582635515016644,24.0,True,False
INC-0466,cyber,P2,2022-07-24 21:53:10.553401143,6.069754146895484,5.1294907086299215,24.0,True,False
INC-0467,infrastructure,P2,2022-07-27 23:08:54.998677928,6.125027656969239,8.485774521134703,8.0,False,False
INC-0468,infrastructure,P2,2022-07-28 03:25:48.918966654,3.570044235127452,16.22207704738577,8.0,False,False
INC-0469,third_party,P1,2022-07-30 22:01:53.313244687,9.195056480240456,14.220305230332347,24.0,True,False
INC-0470,cyber,P1,2022-08-08 01:50:06.607636663,80.77093761222592,101.81832556571564,24.0,False,False
INC-0471,cyber,P1,2022-08-10 18:06:23.261061250,18.053217323726553,16541.893538594097,24.0,False,True
INC-0472,third_party,P1,2022-08-11 01:54:44.698210945,13.515088262764692,11.487825023349988,24.0,True,False
INC-0473,cyber,P1,2022-08-13 04:42:33.688645340,54.76427995204518,43.811423961636144,24.0,False,False
INC-0474,cyber,P1,2022-08-14 08:58:56.548501629,12.69591940034213,31.946682227730378,24.0,False,False
INC-0475,cyber,P1,2022-08-14 16:50:54.664034269,84.96979464689245,67.97583571751396,24.0,False,False
INC-0476,infrastructure,P2,2022-08-17 04:39:43.110055173,4.938879406802696,13.931287373375357,8.0,False,False
INC-0477,third_party,P1,2022-08-20 12:02:07.598538463,19.664642703860096,16.71494629828108,24.0,True,False
INC-0478,third_party,P1,2022-08-22 16:58:05.385506034,10.10067735978835,10.809635121827027,24.0,True,False
INC-0479,third_party,P1,2022-08-22 17:03:29.977494764,16.6112176639201,16.65707449094532,24.0,True,False
INC-0480,infrastructure,P1,2022-08-22 21:31:08.692057632,8.856487822817176,11.213896924283967,8.0,False,False
INC-0481,third_party,P1,2022-08-30 06:46:13.309693327,19.556096117028165,20.62932594507921,24.0,True,False
INC-0482,infrastructure,P2,2022-09-01 13:15:44.881062879,6.690075131444568,6.021067618300112,8.0,True,False
INC-0483,third_party,P2,2022-09-04 07:13:19.158811622,4.2837350530270015,6.444750037893334,24.0,True,False
INC-0484,third_party,P1,2022-09-06 08:42:30.512122740,39.32395102726997,33.42535837317947,24.0,False,False
INC-0485,infrastructure,P3,2022-09-08 16:18:38.003724262,0.8455610188888565,3.556068081696643,8.0,True,False
INC-0486,third_party,P1,2022-09-09 04:35:59.339928656,8.550634259420043,16.62913646543912,24.0,True,False
INC-0487,cyber,P1,2022-09-11 06:12:42.021065120,46.502321886528456,15785.78832748191,24.0,False,True
INC-0488,infrastructure,P3,2022-09-14 10:53:52.212730549,1.1008626803592763,4.988765053599368,8.0,True,False
INC-0489,cyber,P1,2022-09-15 11:29:46.819294378,41.39844384775806,33.11875507820645,24.0,False,False
INC-0490,third_party,P1,2022-09-15 16:19:15.576138134,14.732545909311472,19.08717461541931,24.0,True,False
INC-0491,infrastructure,P2,2022-09-16 03:46:59.713779968,3.1412213537852645,9.609291675020645,8.0,False,False
INC-0492,cyber,P1,2022-09-17 19:01:19.101618044,60.883091856545704,88.19694286587853,24.0,False,False
INC-0493,cyber,P2,2022-09-22 15:32:48.505969701,5.3181566035048435,65.53883435506222,24.0,False,False
INC-0494,infrastructure,P2,2022-09-22 22:13:01.246354626,5.32731292141257,8.461451411035567,8.0,False,False
INC-0495,cyber,P2,2022-09-22 23:33:58.094573392,4.191506497556854,37.71397824184829,24.0,False,False
INC-0496,cyber,P2,2022-09-29 04:05:49.205196261,5.714347322562404,6.137760460735882,24.0,True,False
INC-0497,cyber,P1,2022-09-29 06:48:18.483627956,28.743511415560743,22.994809132448594,24.0,True,False
INC-0498,third_party,P1,2022-09-29 11:27:04.111410261,24.904167904209398,21.16854271857799,24.0,True,False
INC-0499,third_party,P1,2022-10-02 15:00:32.713953764,9.436020825360789,10.76646215455036,24.0,True,False
INC-0500,infrastructure,P1,2022-10-03 17:24:57.541395780,8.849281747216653,7.964353572494987,8.0,True,False
INC-0501,cyber,P2,2022-10-04 21:44:38.057717500,4.977881146559836,12.673420694633549,24.0,True,False
INC-0502,infrastructure,P2,2022-10-05 19:43:39.670818960,6.63730508448086,14.531159880887083,8.0,False,False
INC-0503,infrastructure,P1,2022-10-06 09:32:44.213899545,9.637986865568749,17.90569689204584,8.0,False,False
INC-0504,infrastructure,P2,2022-10-12 20:10:38.622671058,7.184842612513089,8.441459549069345,8.0,False,False
INC-0505,cyber,P2,2022-10-13 06:15:24.297430712,7.6013461008658005,23.245460708886295,24.0,True,False
INC-0506,cyber,P1,2022-10-14 13:54:06.108022306,33.618131333754874,59.363817411254026,24.0,False,False
INC-0507,cyber,P2,2022-10-18 02:20:20.054494507,7.4850120694374285,5.988009655549943,24.0,True,False
INC-0508,cyber,P2,2022-10-20 20:42:55.205572788,2.3313818381317795,6.523490244312483,24.0,True,False
INC-0509,cyber,P1,2022-10-25 22:35:53.847680474,197.74534894106597,158.19627915285278,24.0,False,False
INC-0510,third_party,P1,2022-10-26 10:56:16.194317449,51.26874247671722,43.57843110520964,24.0,False,False
INC-0511,third_party,P2,2022-10-29 17:35:00.457262595,7.365848281186491,14622.41653964928,24.0,False,True
INC-0512,cyber,P2,2022-11-01 22:58:49.448297233,4.3827015885485,19.946026161934867,24.0,True,False
INC-0513,third_party,P1,2022-11-03 03:13:03.323594251,9.885952164449028,22.291625938800554,24.0,True,False
INC-0514,infrastructure,P3,2022-11-04 07:50:52.226154247,0.7359759781261497,4.000624079385933,8.0,True,False
INC-0515,cyber,P1,2022-11-09 14:09:44.751000106,8.736870886697917,6.989496709358334,24.0,True,False
INC-0516,cyber,P1,2022-11-11 09:54:08.607390451,8.237520727477484,25.527179315610493,24.0,False,False
INC-0517,cyber,P2,2022-11-13 23:06:49.585395906,4.489858968433833,3.5918871747470664,24.0,True,False
INC-0518,cyber,P1,2022-11-14 08:43:42.002950425,11.496248267281866,18.683333002305393,24.0,True,False
INC-0519,cyber,P2,2022-11-15 06:47:03.487596950,2.982290356043456,5.595702738235824,24.0,True,False
INC-0520,cyber,P1,2022-11-15 15:34:38.685921416,22.39484935929578,57.53531248379214,24.0,False,False
INC-0521,cyber,P1,2022-11-17 14:25:42.494089069,13.766848484785598,31.726754982025426,24.0,False,False
INC-0522,cyber,P1,2022-11-19 10:38:55.440971494,15.047633418383482,33.52362775742216,24.0,False,False
INC-0523,cyber,P1,2022-11-23 11:07:20.972411086,301.0228910895471,14028.877507663587,24.0,False,True
INC-0524,third_party,P1,2022-11-30 16:03:21.522578601,11.23091589020546,14.29603395335627,24.0,True,False
INC-0525,infrastructure,P2,2022-12-04 14:30:47.489747648,2.7233707671720286,7.492538626704593,8.0,True,False
INC-0526,infrastructure,P3,2022-12-05 11:48:34.669251900,1.0233338049481855,3.4298609206135318,8.0,True,False
INC-0527,infrastructure,P2,2022-12-09 10:12:37.667920633,2.922294055176825,6.367717314155843,8.0,True,False
INC-0528,infrastructure,P2,2022-12-12 06:20:37.493915326,6.560455460302233,13.12220225718494,8.0,False,False
INC-0529,cyber,P1,2022-12-12 22:38:15.740202415,11.413493569355973,16.61722680984985,24.0,True,False
INC-0530,infrastructure,P2,2022-12-13 12:41:52.701078706,3.117863799212146,6.278342265186822,8.0,True,False
INC-0531,cyber,P2,2022-12-17 05:24:36.435034249,6.453840812535441,31.16116423860978,24.0,False,False
INC-0532,cyber,P2,2022-12-19 16:44:16.486426302,3.1750370021068477,48.093442309581214,24.0,False,False
INC-0533,infrastructure,P2,2022-12-24 12:31:36.430201106,4.982075498698893,4.483867948829004,8.0,True,False
INC-0534,third_party,P1,2022-12-26 20:30:09.270925473,9.453532827752023,16.596070513301978,24.0,True,False
INC-0535,third_party,P1,2022-12-28 06:45:07.043497963,17.18117859966161,18.340203785104304,24.0,True,False
INC-0536,infrastructure,P1,2023-01-12 00:41:02.917915141,9.060772938959731,12.587932349396187,8.0,False,False
INC-0537,cyber,P1,2023-01-12 22:33:43.359234623,56.69060458295538,12817.43795576816,24.0,False,True
INC-0538,infrastructure,P1,2023-01-13 01:01:15.408517846,22.993470407612477,20.69412336685123,8.0,False,False
INC-0539,cyber,P1,2023-01-18 05:30:53.154342424,11.602384622468547,9.281907697974837,24.0,True,False
INC-0540,infrastructure,P1,2023-01-21 14:49:00.244395062,8.589866815536865,13.96646540018352,8.0,False,False
INC-0541,third_party,P1,2023-01-24 16:09:13.776779642,12.067486075449931,24.460727874425757,24.0,False,False
INC-0542,cyber,P3,2023-01-25 19:25:57.793162548,1.7036804790111508,3.8231978496995223,24.0,True,False
INC-0543,third_party,P1,2023-01-30 02:56:15.791930044,13.489475864077026,23.511154432716374,24.0,True,False
INC-0544,cyber,P1,2023-01-31 11:51:11.726958650,14.433435013149229,30.983523698843562,24.0,False,False
INC-0545,infrastructure,P1,2023-02-02 22:20:14.333315384,18.493437206414754,16.64409348577328,8.0,False,False
INC-0546,cyber,P1,2023-02-05 04:13:42.377760220,9.133278110947598,71.62533597116146,24.0,False,False
INC-0547,third_party,P1,2023-02-06 14:08:05.724544502,12.822389912225619,33.12990724089491,24.0,False,False
INC-0548,third_party,P1,2023-02-10 00:18:32.368122028,32.47544740596927,27.60413029507388,24.0,False,False
INC-0549,infrastructure,P1,2023-02-11 18:51:03.894506532,9.712697788554944,9.502608392436215,8.0,False,False
INC-0550,cyber,P1,2023-02-12 19:02:34.171704394,69.8997443072897,163.98942170542142,24.0,False,False
INC-0551,third_party,P1,2023-02-13 07:36:31.113029977,10.47469079580512,30.792577294794157,24.0,False,False
INC-0552,third_party,P1,2023-02-18 22:09:37.675417842,22.827592805400435,25.894799815746378,24.0,False,False
INC-0553,third_party,P1,2023-02-20 15:19:54.542227155,8.346766178106437,7.1891997960227005,24.0,True,False
INC-0554,third_party,P1,2023-03-01 14:28:16.991188204,24.300940760164856,32.63354917067781,24.0,False,False
INC-0555,infrastructure,P2,2023-03-04 01:22:30.405703051,6.846891767885293,6.162202591096764,8.0,True,False
INC-0556,third_party,P2,2023-03-08 20:08:03.315131872,7.707679245156393,15.80463272099514,24.0,True,False
INC-0557,cyber,P1,2023-03-11 20:20:42.753093349,37.52001158638162,53.88065192465703,24.0,False,False
INC-0558,infrastructure,P2,2023-03-12 09:50:06.141248358,3.9184188332201204,8.125914725846812,8.0,False,False
INC-0559,cyber,P1,2023-03-14 03:13:10.468363890,20.560967602826377,16.448774082261103,24.0,True,False
INC-0560,cyber,P2,2023-03-14 14:54:10.766848453,4.197957894367594,40.052154150870805,24.0,False,False
INC-0561,cyber,P2,2023-03-14 23:15:25.486828956,7.685620209287555,6.148496167430045,24.0,True,False
INC-0562,cyber,P2,2023-03-16 08:02:23.754283072,4.736392536765842,85.28512898818266,24.0,False,False
INC-0563,infrastructure,P3,2023-03-17 17:01:16.043633418,0.613816391577808,5.387575963199843,8.0,True,False
INC-0564,infrastructure,P1,2023-03-22 21:45:10.693611057,9.140437420189066,8.521124321373273,8.0,False,False
INC-0565,infrastructure,P2,2023-03-25 01:24:02.023497147,4.790473893716973,14.580060235048899,8.0,False,False
INC-0566,third_party,P1,2023-03-25 12:45:32.376699705,11.450753781910176,11.530166990787475,24.0,True,False
INC-0567,infrastructure,P2,2023-03-29 22:45:58.241902737,7.721656716662155,15.217383391333607,8.0,False,False
INC-0568,cyber,P2,2023-03-31 06:07:34.250384060,2.3971728347958257,1.949306451479055,24.0,True,False
INC-0569,third_party,P1,2023-04-02 20:59:00.114043585,8.619854131636203,12.04305567774713,24.0,True,False
INC-0570,third_party,P1,2023-04-03 09:21:15.825167791,11.443695852804652,20.305111554105842,24.0,True,False
INC-0571,cyber,P1,2023-04-05 03:34:52.791977175,15.628297344045754,18.65226569732096,24.0,True,False
INC-0572,third_party,P1,2023-04-06 14:25:25.875241258,13.390063800065613,16.955661997552394,24.0,True,False
INC-0573,third_party,P1,2023-04-10 04:19:48.690759903,14.695622156286015,27.36268024883775,24.0,False,False
INC-0574,cyber,P1,2023-04-10 23:48:02.340484149,25.857174380802725,96.03060172718537,24.0,False,False
INC-0575,third_party,P1,2023-04-11 04:00:48.279136730,16.444521358968146,26.89497398019359,24.0,False,False
INC-0576,third_party,P1,2023-04-12 19:56:32.720731674,20.318138883675715,43.29256974265681,24.0,False,False
INC-0577,infrastructure,P3,2023-04-13 07:12:01.683582314,1.605836728872009,1.4452530559848082,8.0,True,False
INC-0578,infrastructure,P1,2023-04-18 18:58:09.456393223,8.148643648336952,7.333779283503257,8.0,True,False
INC-0579,cyber,P1,2023-04-19 08:26:44.080281351,9.737622163451697,7.7900977307613575,24.0,True,False
INC-0580,infrastructure,P3,2023-04-20 11:14:21.097486536,0.25,0.8670916847641992,8.0,True,False
INC-0581,cyber,P1,2023-04-24 08:54:25.067505603,40.67744302217728,59.24071199911232,24.0,False,False
INC-0582,cyber,P2,2023-04-25 23:59:47.510263600,6.3956465329229575,25.899325241311324,24.0,False,False
INC-0583,infrastructure,P2,2023-04-29 16:51:25.944907867,4.671450779286039,5.6415603608302,8.0,True,False
INC-0584,cyber,P2,2023-05-04 20:27:06.691994305,5.895226652253242,4.716181321802593,24.0,True,False
INC-0585,cyber,P1,2023-05-06 15:20:38.515071120,15.024229603239975,14.217199151873123,24.0,True,False
INC-0586,cyber,P1,2023-05-07 21:55:57.804249525,10.32347191911614,8.258777535292912,24.0,True,False
INC-0587,cyber,P2,2023-05-10 01:02:48.893390368,2.0368436170581377,1.7142177930806908,24.0,True,False
INC-0588,infrastructure,P2,2023-05-11 18:08:42.975115778,7.462738468221897,6.781882696133118,8.0,True,False
INC-0589,third_party,P1,2023-05-13 07:58:49.279513468,14.305075854604468,12.159314476413797,24.0,True,False
INC-0590,infrastructure,P2,2023-05-14 01:27:29.200763170,2.949795350491811,4.358087390062057,8.0,True,False
INC-0591,cyber,P1,2023-05-15 03:27:18.689365875,22.956255903828684,76.0972425239184,24.0,False,False
INC-0592,cyber,P1,2023-05-15 10:29:51.265803933,35.126369362065205,139.0503021179844,24.0,False,False
INC-0593,cyber,P2,2023-05-16 00:24:15.253801372,3.5315319635479603,29.356769719968188,24.0,False,False
INC-0594,third_party,P1,2023-05-18 23:52:58.193365198,17.834374295529564,27.787326767121115,24.0,False,False
INC-0595,third_party,P1,2023-05-21 13:06:41.640613358,12.406918413803973,27.61124630109496,24.0,False,False
INC-0596,infrastructure,P2,2023-05-22 16:35:41.796272425,3.6212212894949,8.819054523282038,8.0,False,False
INC-0597,third_party,P1,2023-05-24 00:06:22.329665964,13.572326479586144,18.012325625091965,24.0,True,False
INC-0598,cyber,P1,2023-05-24 00:13:05.631240896,14.73079556946192,11.784636455569537,24.0,True,False
INC-0599,third_party,P2,2023-05-26 11:24:53.027755185,5.8124622351334025,9612.585270068004,24.0,False,True
INC-0600,cyber,P2,2023-05-26 12:07:07.554245181,2.138938315743168,19.785235716002628,24.0,True,False
INC-0601,third_party,P2,2023-05-26 13:12:31.933278273,7.1985653743243265,6.118780568175677,24.0,True,False
INC-0602,third_party,P1,2023-05-27 04:16:19.577416267,18.559574932899494,15.77563869296457,24.0,True,False
INC-0603,infrastructure,P2,2023-05-27 10:02:26.288282317,2.8966975894982436,7.677904961640206,8.0,True,False
INC-0604,third_party,P1,2023-05-28 13:37:35.203492966,32.7327176937012,49.053655617810854,24.0,False,False
INC-0605,cyber,P1,2023-05-31 20:06:50.650856078,56.73839821632468,45.39071857305975,24.0,False,False
INC-0606,cyber,P2,2023-06-01 08:00:48.259045450,6.658288393501357,51.6022293680964,24.0,False,False
INC-0607,cyber,P2,2023-06-01 20:46:29.830362139,3.7679779412837346,12.538651660915985,24.0,True,False
INC-0608,cyber,P1,2023-06-02 14:41:51.971119465,15.086439140786114,72.8578777494234,24.0,False,False
INC-0609,third_party,P1,2023-06-05 14:48:04.082201222,17.572005675464744,24.00195105965686,24.0,False,False
INC-0610,cyber,P1,2023-06-06 21:03:52.010561120,9.528373250632486,7.622698600505989,24.0,True,False
INC-0611,infrastructure,P3,2023-06-08 05:34:01.213318617,1.8198218801921136,9306.432996300384,8.0,False,True
INC-0612,third_party,P2,2023-06-08 14:42:32.807614370,4.13894615061934,7.349371235616802,24.0,True,False
INC-0613,third_party,P1,2023-06-08 20:00:05.242511667,9.148771818600114,19.234579338255635,24.0,True,False
INC-0614,infrastructure,P2,2023-06-09 17:31:53.608979341,2.2802697465472686,4.240991275505763,8.0,True,False
INC-0615,cyber,P2,2023-06-10 04:04:54.333322730,4.003863695212441,3.2030909561699534,24.0,True,False
INC-0616,third_party,P1,2023-06-10 15:46:43.654705644,23.212706343828053,24.46191809657883,24.0,False,False
INC-0617,infrastructure,P2,2023-06-13 05:01:56.596686398,4.086076336480482,7.894502031185752,8.0,True,False
INC-0618,cyber,P2,2023-06-17 02:18:41.917681112,4.741846465590298,8.233335790993635,24.0,True,False
INC-0619,infrastructure,P2,2023-06-18 11:44:06.076337020,4.877074319949137,6.348523833982969,8.0,True,False
INC-0620,infrastructure,P1,2023-06-18 15:31:38.293306892,15.99019116265767,18.77777036859975,8.0,False,False
INC-0621,cyber,P1,2023-06-18 15:46:12.785879265,24.356499971385777,19.48519997710862,24.0,True,False
INC-0622,third_party,P1,2023-06-21 09:28:48.696878737,8.551337682252129,17.602732958952586,24.0,True,False
INC-0623,infrastructure,P2,2023-06-24 19:24:19.432197925,4.438246273374012,8.48710724018342,8.0,False,False
INC-0624,cyber,P1,2023-06-25 14:13:59.511605703,12.499860970741876,10.331699329746236,24.0,True,False
INC-0625,cyber,P2,2023-06-29 06:09:41.621409054,2.051775886124862,26.574959033600518,24.0,False,False
INC-0626,cyber,P1,2023-07-03 13:28:11.771024692,13.298221223132025,18.254628144783386,24.0,True,False
INC-0627,cyber,P2,2023-07-06 03:16:40.349591904,5.263939263505562,5.534573718342424,24.0,True,False
INC-0628,infrastructure,P1,2023-07-09 09:23:34.263894519,10.412136589601769,9.370922930641592,8.0,False,False
INC-0629,cyber,P1,2023-07-09 12:43:51.760413476,9.612237405393143,19.653359315649528,24.0,True,False
INC-0630,infrastructure,P2,2023-07-12 12:19:31.431756194,4.039923848948104,5.769449966099845,8.0,True,False
INC-0631,cyber,P1,2023-07-16 01:48:56.016657687,9.582824747798414,75.98105875865319,24.0,False,False
INC-0632,infrastructure,P2,2023-07-17 03:59:25.757842718,3.02625281411053,6.385404025988517,8.0,True,False
INC-0633,cyber,P1,2023-07-17 13:20:26.368716105,12.743953471560838,10.19516277724867,24.0,True,False
INC-0634,third_party,P1,2023-07-24 21:48:32.944360374,15.14203130660455,19.379315872345426,24.0,True,False
INC-0635,third_party,P1,2023-07-27 05:03:02.796110182,13.131823409210124,12.69772954662675,24.0,True,False
INC-0636,cyber,P1,2023-07-29 18:30:46.246418694,14.69027008661907,13.058948971321858,24.0,True,False
INC-0637,third_party,P1,2023-07-30 06:04:11.775420300,18.18436204400157,16.700641911853882,24.0,True,False
INC-0638,cyber,P1,2023-07-31 03:09:00.432145159,11.26609367925857,9.012874943406857,24.0,True,False
INC-0639,cyber,P2,2023-07-31 23:17:55.421032066,3.5290100753674682,7.550129745736745,24.0,True,False
INC-0640,cyber,P1,2023-08-04 01:15:08.542742738,10.230417494259836,9.687414853712498,24.0,True,False
INC-0641,infrastructure,P1,2023-08-05 07:46:36.828264187,15.279263552008949,20.63539385923425,8.0,False,False
INC-0642,cyber,P2,2023-08-11 01:36:49.007534090,4.7950880771876205,5.88162788554599,24.0,True,False
INC-0643,cyber,P1,2023-08-11 02:51:38.434906778,12.317717076360932,85.99522359709265,24.0,False,False
INC-0644,third_party,P1,2023-08-16 01:53:25.786584283,30.157162328181847,49.86116006028381,24.0,False,False
INC-0645,infrastructure,P2,2023-08-17 02:33:39.975796742,3.0851860282930685,3.7938270151452067,8.0,True,False
INC-0646,infrastructure,P2,2023-08-18 00:03:28.776037816,2.563993653271821,12.761365977030502,8.0,False,False
INC-0647,infrastructure,P2,2023-08-23 12:24:11.153580350,2.1600762207801196,8.975370370298917,8.0,False,False
INC-0648,cyber,P1,2023-08-23 20:57:39.436996680,66.87728428863385,59.00168317861989,24.0,False,False
INC-0649,cyber,P3,2023-08-25 21:32:14.802031687,0.5,2.112340605066671,24.0,True,False
INC-0650,infrastructure,P3,2023-09-01 17:02:06.356290606,1.2741899574703666,1.7710228088368232,8.0,True,False
INC-0651,infrastructure,P2,2023-09-05 12:42:12.644405841,2.1584858349117417,4.23800899652207,8.0,True,False
INC-0652,cyber,P1,2023-09-09 06:29:53.648087535,21.918761081377166,25.922243455555922,24.0,False,False
INC-0653,infrastructure,P2,2023-09-14 20:44:17.967443240,7.876347028099602,12.665530288011048,8.0,False,False
INC-0654,cyber,P1,2023-09-15 16:34:03.741855902,58.38929732595325,279.81918403640907,24.0,False,False
INC-0655,third_party,P1,2023-09-19 13:03:03.883464266,28.45488478141514,39.537643619453014,24.0,False,False
INC-0656,cyber,P1,2023-09-20 08:26:56.770943064,28.107968443242353,22.486374754593882,24.0,True,False
INC-0657,third_party,P2,2023-09-21 21:37:15.495239092,7.069102558986104,9.355991897391633,24.0,True,False
INC-0658,cyber,P1,2023-09-24 04:41:45.172498052,38.055527695966916,30.444422156773534,24.0,False,False
INC-0659,cyber,P1,2023-09-24 10:47:04.049529050,32.55545040684917,437.45872429393563,24.0,False,False
INC-0660,third_party,P1,2023-09-26 00:22:50.945158790,16.52040326870842,26.53755001933866,24.0,False,False
INC-0661,cyber,P1,2023-09-29 12:26:33.540363160,8.584443065407985,12.553279014285524,24.0,True,False
INC-0662,third_party,P2,2023-10-03 22:34:26.569782836,7.648931792580117,7.1014542801710165,24.0,True,False
INC-0663,infrastructure,P2,2023-10-08 05:17:07.269909446,4.890302213174979,5.8320691008873355,8.0,True,False
INC-0664,cyber,P1,2023-10-14 16:18:01.947745519,14.850863476927335,31.15693789598131,24.0,False,False
INC-0665,third_party,P1,2023-10-15 07:28:00.110088181,16.783057174218946,30.33720547761363,24.0,False,False
INC-0666,infrastructure,P2,2023-10-15 15:19:59.997614440,4.698595707095904,6.765159786175421,8.0,True,False
INC-0667,infrastructure,P2,2023-10-15 18:22:53.136211616,3.290285292570853,10.320011201160463,8.0,False,False
INC-0668,infrastructure,P2,2023-10-18 07:05:06.243392313,3.050797901624959,6136.914932391025,8.0,False,True
INC-0669,infrastructure,P1,2023-10-20 15:19:19.130505168,10.02396633137097,18.34717739176792,8.0,False,False
INC-0670,cyber,P2,2023-10-22 05:36:45.930343903,3.5320240535385548,17.62270008748232,24.0,True,False
INC-0671,third_party,P1,2023-10-23 20:50:24.615110850,8.844517112431053,16.423200995848276,24.0,True,False
INC-0672,cyber,P1,2023-10-25 00:59:19.521740680,70.0148020282541,119.66535682555264,24.0,False,False
INC-0673,cyber,P2,2023-10-25 17:11:58.540081138,3.2938274384354873,2.63506195074839,24.0,True,False
INC-0674,infrastructure,P2,2023-10-26 00:32:30.043680892,2.4835260282281713,5.253453146383779,8.0,True,False
INC-0675,cyber,P1,2023-10-27 06:10:02.577862405,45.11959466199585,168.95634019734513,24.0,False,False
INC-0676,cyber,P1,2023-10-27 08:29:33.745563110,26.204329249478075,20.963463399582462,24.0,True,False
INC-0677,cyber,P1,2023-10-28 13:19:36.467518306,106.12548155929154,197.2740391099669,24.0,False,False
INC-0678,cyber,P2,2023-10-29 08:05:40.225256505,6.475131678303189,20.130208865228166,24.0,True,False
INC-0679,infrastructure,P2,2023-10-30 12:40:04.000480528,7.191814620288306,8.197235560293166,8.0,False,False
INC-0680,infrastructure,P2,2023-11-01 00:09:22.002863900,2.8556635048919228,11.833899077801215,8.0,False,False
INC-0681,third_party,P2,2023-11-02 15:51:28.308119382,7.399593075528058,20.398221352575767,24.0,True,False
INC-0682,infrastructure,P1,2023-11-05 16:34:23.237658757,11.533708585827872,13.514780305369456,8.0,False,False
INC-0683,cyber,P1,2023-11-07 05:23:26.609572932,10.63424833058338,10.626497158652668,24.0,True,False
INC-0684,infrastructure,P3,2023-11-07 23:09:15.568733559,1.4006694338447856,3.0226650377192605,8.0,True,False
INC-0685,infrastructure,P1,2023-11-12 08:23:21.997038807,12.187362621150235,10.968626359035213,8.0,False,False
INC-0686,infrastructure,P3,2023-11-12 09:35:06.524778958,1.7049730323525112,4.908137830415086,8.0,True,False
INC-0687,cyber,P1,2023-11-13 01:43:09.070294396,11.797053336622465,29.889955932296846,24.0,False,False
INC-0688,third_party,P1,2023-11-13 16:30:39.110142661,11.939710649368115,33.04218778332547,24.0,False,False
INC-0689,third_party,P1,2023-11-17 07:17:01.386568654,20.792079390581048,45.19458190833478,24.0,False,False
INC-0690,cyber,P1,2023-11-21 11:52:11.780885377,44.98166159915404,127.66564860369043,24.0,False,False
INC-0691,cyber,P1,2023-11-23 23:19:15.087042940,23.628923217489323,365.03290985923917,24.0,False,False
INC-0692,cyber,P1,2023-11-25 07:25:36.638146765,19.252565449139464,119.96920600092903,24.0,False,False
INC-0693,third_party,P1,2023-11-26 15:27:41.899206628,15.208092657068693,25.668700236172022,24.0,False,False
INC-0694,third_party,P2,2023-11-27 23:40:17.794574832,7.869139564276952,14.949168047478125,24.0,True,False
INC-0695,third_party,P2,2023-11-28 11:48:39.145063906,5.687048439013161,6.356291637094802,24.0,True,False
INC-0696,third_party,P1,2023-12-02 23:53:10.800084613,21.437242154671715,18.221655831470958,24.0,True,False
INC-0697,infrastructure,P2,2023-12-03 16:43:52.213598450,3.553249216572259,8.646225245436904,8.0,False,False
INC-0698,cyber,P2,2023-12-08 15:14:33.600225573,5.683391161371369,22.17078890490171,24.0,True,False
INC-0699,infrastructure,P3,2023-12-09 19:56:20.828690494,0.553482290532513,3.098763201407332,8.0,True,False
INC-0700,cyber,P1,2023-12-10 12:07:55.530937592,17.923263251622437,39.70948588393466,24.0,False,False
INC-0701,infrastructure,P2,2023-12-14 23:51:27.335817694,7.628710895106758,13.529675482665724,8.0,False,False
INC-0702,cyber,P1,2023-12-19 12:45:18.617483455,8.61934285789103,20.26634944830966,24.0,True,False
INC-0703,cyber,P1,2023-12-21 18:08:37.657627670,25.47847292500914,42.33445149093062,24.0,False,False
INC-0704,infrastructure,P2,2023-12-24 07:44:40.128150354,3.1474011858198008,5.329827872971066,8.0,True,False
INC-0705,cyber,P1,2023-12-25 07:52:09.743470896,8.881916804499788,84.70035289663083,24.0,False,False
INC-0706,third_party,P2,2023-12-26 08:40:57.869589327,2.8306898026227927,7.642952329562224,24.0,True,False
INC-0707,third_party,P1,2023-12-29 03:26:14.295232791,24.70647070312881,21.00050009765949,24.0,True,False
INC-0708,cyber,P1,2023-12-29 04:37:01.391325553,9.843394061795872,20.489754932604164,24.0,True,False
INC-0709,third_party,P2,2024-01-05 13:16:30.816785272,7.065607553514729,9.269846997393676,24.0,True,False
INC-0710,cyber,P1,2024-01-06 09:24:44.348962251,245.79227949551526,320.04969168957217,24.0,False,False
INC-0711,infrastructure,P3,2024-01-07 12:37:45.179223056,1.4747855116440722,12.660462067000275,8.0,False,False
INC-0712,infrastructure,P2,2024-01-09 03:27:50.213570940,5.751817590747836,7.439683869665829,8.0,True,False
INC-0713,infrastructure,P2,2024-01-10 10:02:39.761429344,6.094587194966072,5.92426939226319,8.0,True,False
INC-0714,third_party,P2,2024-01-14 17:06:58.076593686,3.3130257823556413,4.079339373026892,24.0,True,False
INC-0715,infrastructure,P2,2024-01-15 03:10:37.669018335,6.858644591637974,8.345741648735473,8.0,False,False
INC-0716,infrastructure,P2,2024-01-17 22:47:49.520710471,6.218288202669363,5.596459382402427,8.0,True,False
INC-0717,third_party,P1,2024-01-18 06:09:33.658718598,12.88690358024095,10.953868043204809,24.0,True,False
INC-0718,cyber,P1,2024-01-22 13:11:42.122883177,137.29119552318997,338.1488289840593,24.0,False,False
INC-0719,cyber,P1,2024-01-24 05:03:22.579388020,17.393213446224237,25.670043637447368,24.0,False,False
INC-0720,cyber,P1,2024-01-27 07:26:43.222722590,48.964353216346716,39.17148257307738,24.0,False,False
INC-0721,cyber,P1,2024-01-27 11:47:40.701015625,127.15377443747904,101.72301954998323,24.0,False,False
INC-0722,cyber,P2,2024-01-27 19:51:25.915083404,5.914954877210428,4.731963901768342,24.0,True,False
INC-0723,cyber,P1,2024-01-30 06:53:36.815698057,13.189668137205931,10.551734509764746,24.0,True,False
INC-0724,cyber,P2,2024-02-02 21:15:55.111216586,2.705587258520261,26.928428441025154,24.0,False,False
INC-0725,third_party,P1,2024-02-02 21:18:10.423452218,22.319999302756948,31.413636953722158,24.0,False,False
INC-0726,cyber,P1,2024-02-08 09:33:46.777257964,12.404775366532084,51.840753055577096,24.0,False,False
INC-0727,cyber,P2,2024-02-15 08:43:31.374480482,5.618647272490796,8.309710155164542,24.0,True,False
INC-0728,cyber,P1,2024-02-16 03:01:36.289296930,33.97312130262315,3236.973252973075,24.0,False,True
INC-0729,third_party,P1,2024-02-18 09:37:47.654459148,16.752110805908206,20.773421432964167,24.0,True,False
INC-0730,cyber,P1,2024-02-22 09:45:42.691803019,41.653151749405914,33.32252139952473,24.0,False,False
INC-0731,cyber,P1,2024-02-22 18:08:12.970033771,50.59027967243556,3077.8630638795075,24.0,False,True
INC-0732,infrastructure,P3,2024-02-23 12:16:11.351355225,1.0874112785769283,4.848460207135531,8.0,True,False
INC-0733,cyber,P1,2024-02-27 18:55:16.047967101,11.481310601346232,2957.0788755646945,24.0,False,True
INC-0734,cyber,P1,2024-02-28 23:27:36.869676620,33.42287879503202,95.28000722033818,24.0,False,False
INC-0735,infrastructure,P2,2024-03-01 14:13:50.139505758,3.9549242103771975,5.304704646923328,8.0,True,False
INC-0736,infrastructure,P1,2024-03-03 05:33:23.054097474,11.455273200185509,18.716831463691914,8.0,False,False
INC-0737,cyber,P1,2024-03-03 17:27:56.615755676,11.867224676033956,31.449432713791968,24.0,False,False
INC-0738,infrastructure,P1,2024-03-04 15:21:34.223973206,10.045501824275174,16.1253823299024,8.0,False,False
INC-0739,infrastructure,P2,2024-03-05 16:26:27.645137984,7.40938308840402,6.668444779563618,8.0,True,False
INC-0740,infrastructure,P2,2024-03-05 19:34:42.066459681,6.821591507033604,18.486866555372885,8.0,False,False
INC-0741,cyber,P1,2024-03-06 08:36:34.044023044,55.87031990180594,44.69625592144476,24.0,False,False
INC-0742,infrastructure,P3,2024-03-06 09:38:10.639890988,1.019007887058617,5.407363403158497,8.0,True,False
INC-0743,infrastructure,P2,2024-03-06 10:56:42.913810431,2.449605330179999,4.4695070248386415,8.0,True,False
INC-0744,infrastructure,P2,2024-03-07 05:35:53.889391993,6.893759242073042,7.809124172951936,8.0,True,False
INC-0745,third_party,P1,2024-03-09 11:03:06.156736952,8.689450299246563,11.516232092353833,24.0,True,False
INC-0746,third_party,P1,2024-03-10 06:03:49.329416512,14.485368021927577,37.036368173878486,24.0,False,False
INC-0747,cyber,P3,2024-03-11 21:02:30.230648646,0.5121436415460628,5.181798504127465,24.0,True,False
INC-0748,infrastructure,P2,2024-03-18 09:38:32.678392642,4.546394256010405,8.94121445584151,8.0,False,False
INC-0749,infrastructure,P1,2024-03-18 15:19:22.007508016,8.107892209039072,10.462586420988155,8.0,False,False
INC-0750,cyber,P1,2024-03-21 00:51:34.469055655,86.43089905338037,2423.1404252623183,24.0,False,True
INC-0751,cyber,P1,2024-03-25 05:56:03.228025876,9.131229177929926,39.67270940658756,24.0,False,False
INC-0752,infrastructure,P2,2024-03-27 10:16:00.177104125,2.5864785017968037,5.696183239319851,8.0,True,False
INC-0753,infrastructure,P3,2024-03-27 16:44:07.870514733,1.9120446444066042,4.368755972193325,8.0,True,False
INC-0754,cyber,P2,2024-03-29 17:12:21.924831772,6.25805828800862,14.999449747288143,24.0,True,False
INC-0755,cyber,P2,2024-03-31 22:24:13.393907308,2.6284356766930816,3.8896101767652858,24.0,True,False
INC-0756,infrastructure,P3,2024-04-01 08:58:34.632168571,0.6160903653520989,1.279192098137475,8.0,True,False
INC-0757,infrastructure,P2,2024-04-04 18:48:21.308849578,2.6149778980906415,10.664603474399525,8.0,False,False
INC-0758,third_party,P1,2024-04-07 01:13:01.278237824,21.0931434183052,22.893971841452572,24.0,True,False
INC-0759,infrastructure,P2,2024-04-08 15:44:35.447007627,5.144200054432602,9.600130617861502,8.0,False,False
INC-0760,cyber,P1,2024-04-12 01:36:35.134230315,19.37867047674023,37.35665453364626,24.0,False,False
INC-0761,infrastructure,P2,2024-04-13 18:50:42.600337998,5.525574124698985,16.38903234364786,8.0,False,False
INC-0762,cyber,P1,2024-04-14 01:40:16.880134134,73.89091408585894,62.66515578292395,24.0,False,False
INC-0763,third_party,P1,2024-04-20 08:20:10.345667136,32.48591518011216,27.613027903095333,24.0,False,False
INC-0764,cyber,P1,2024-04-22 21:10:14.537944642,56.31278599127889,45.050228793023116,24.0,False,False
INC-0765,cyber,P1,2024-04-26 08:21:38.390619736,9.3504447879847,14.830770589431406,24.0,True,False
INC-0766,cyber,P1,2024-04-28 22:22:37.733431940,130.9363483791491,104.7490787033193,24.0,False,False
INC-0767,third_party,P1,2024-05-05 12:06:47.017832716,8.326352810944176,15.553794691550204,24.0,True,False
INC-0768,infrastructure,P2,2024-05-07 18:54:21.486630186,3.184737490583962,5.397619009886676,8.0,True,False
INC-0769,infrastructure,P1,2024-05-10 20:25:25.922848634,9.07580702294457,11.050734020972689,8.0,False,False
INC-0770,infrastructure,P2,2024-05-11 08:45:30.162860791,4.36527389342682,14.101586791871867,8.0,False,False
INC-0771,cyber,P1,2024-05-12 01:42:12.858596604,9.627520461491507,82.7550534097915,24.0,False,False
INC-0772,cyber,P3,2024-05-12 21:44:45.716713310,0.5853180511563217,11.077115470572402,24.0,True,False
INC-0773,infrastructure,P2,2024-05-13 14:29:38.624014086,3.6949543357110644,5.943209907065619,8.0,True,False
INC-0774,third_party,P1,2024-05-15 03:20:29.545346191,20.037227114639386,17.031643047443477,24.0,True,False
INC-0775,cyber,P1,2024-05-15 14:13:15.378842035,37.451503086039466,35.97633241558134,24.0,False,False
INC-0776,third_party,P1,2024-05-19 06:39:32.419438495,11.679572349042319,15.66004869039661,24.0,True,False
INC-0777,infrastructure,P2,2024-05-22 10:58:43.079837019,2.43897602366576,4.296441786089067,8.0,True,False
INC-0778,infrastructure,P1,2024-05-24 22:49:36.300045788,10.31093070795566,12.275072025796835,8.0,False,False
INC-0779,cyber,P1,2024-05-28 02:59:39.479968878,36.40026999358798,46.85000032128779,24.0,False,False
INC-0780,infrastructure,P2,2024-05-29 19:26:15.380986128,5.408593219261865,9.250800905468019,8.0,False,False
INC-0781,cyber,P2,2024-06-04 00:46:22.515854797,4.844804814735237,34.923172152743355,24.0,False,False
INC-0782,cyber,P2,2024-06-05 10:43:12.807753902,6.341295306195712,100.99385080123096,24.0,False,False
INC-0783,cyber,P1,2024-06-06 09:21:22.926186763,51.839405892371275,69.03097558330009,24.0,False,False
INC-0784,third_party,P1,2024-06-07 01:27:36.414588888,22.206568400814618,41.107151759193414,24.0,False,False
INC-0785,cyber,P1,2024-06-08 01:03:56.362990212,37.18724273107746,526.93434361383,24.0,False,True
INC-0786,third_party,P2,2024-06-08 04:20:34.964731168,5.9343728667144084,6.47463128674584,24.0,True,False
INC-0787,third_party,P1,2024-06-08 23:02:20.303156659,22.040500381503787,19.208599402553133,24.0,True,False
INC-0788,infrastructure,P1,2024-06-09 04:00:56.618176039,19.24329680034544,18.327617013557568,8.0,False,False
INC-0789,infrastructure,P2,2024-06-09 17:12:38.236271907,4.018069440450167,13.443975652256757,8.0,False,False
INC-0790,third_party,P1,2024-06-12 02:08:06.546523747,29.55910670976998,25.125240703304485,24.0,False,False
INC-0791,cyber,P2,2024-06-13 06:56:51.040412358,3.0379932702417967,401.052488774345,24.0,False,True
INC-0792,cyber,P1,2024-06-14 00:52:43.882144572,37.151268655142374,29.721014924113902,24.0,False,False
INC-0793,infrastructure,P2,2024-06-14 21:49:52.467019028,2.6500459364208186,6.773194212540344,8.0,True,False
INC-0794,third_party,P1,2024-06-15 14:58:05.900671974,10.89769019069581,19.727452488857885,24.0,True,False
INC-0795,infrastructure,P2,2024-06-18 04:34:33.528409305,2.8632163513660336,283.42401988630417,8.0,False,True
INC-0796,cyber,P2,2024-06-19 08:44:08.131672964,4.2314930260907175,28.095539825660225,24.0,False,False
INC-0797,infrastructure,P1,2024-06-20 14:09:35.324879936,11.454768903052644,10.30929201274738,8.0,False,False
INC-0798,third_party,P1,2024-06-21 19:19:52.024428192,17.355747134319557,28.504389475226077,24.0,False,False
INC-0799,cyber,P1,2024-06-28 01:50:16.441825023,29.83998026952484,46.16209949304916,24.0,False,True
INC-0800,infrastructure,P2,2024-06-29 14:45:08.629633674,2.6871987383293754,2.418478864496438,8.0,True,False
